"filename", "language", "GDResource", "GDScript", "gdshader", "GDScene", "Markdown", "JSON", "XML", "Shell Script", "Properties", "C#", "comment", "blank", "total"
"d:\Programming\Godot\Astra\.godot\editor\0.tres-folding-1953a3eef18b27500aa655ca14fa7062.cfg", "Properties", 0, 0, 0, 0, 0, 0, 0, 0, 2, 0, 0, 2, 4
"d:\Programming\Godot\Astra\.godot\editor\0.tres-folding-917dc14810621d7e5696cd05d00b34ee.cfg", "Properties", 0, 0, 0, 0, 0, 0, 0, 0, 2, 0, 0, 2, 4
"d:\Programming\Godot\Astra\.godot\editor\004001.tres-folding-359b3267a72ad81ea6282ace778be177.cfg", "Properties", 0, 0, 0, 0, 0, 0, 0, 0, 2, 0, 0, 2, 4
"d:\Programming\Godot\Astra\.godot\editor\1.tres-folding-9d1df11f08beac2590d5ad73d4dad4a6.cfg", "Properties", 0, 0, 0, 0, 0, 0, 0, 0, 2, 0, 0, 2, 4
"d:\Programming\Godot\Astra\.godot\editor\1.tres-folding-e97f06245f149d9a59e7e545e060843b.cfg", "Properties", 0, 0, 0, 0, 0, 0, 0, 0, 2, 0, 0, 2, 4
"d:\Programming\Godot\Astra\.godot\editor\2.tres-folding-29399adfb8dcffb18d7c922e2717b8ef.cfg", "Properties", 0, 0, 0, 0, 0, 0, 0, 0, 2, 0, 0, 2, 4
"d:\Programming\Godot\Astra\.godot\editor\2.tres-folding-941873f7557abbd59368bbf14c6740f3.cfg", "Properties", 0, 0, 0, 0, 0, 0, 0, 0, 2, 0, 0, 2, 4
"d:\Programming\Godot\Astra\.godot\editor\3.tres-folding-539f743074fc038c45864d8b9c365881.cfg", "Properties", 0, 0, 0, 0, 0, 0, 0, 0, 2, 0, 0, 2, 4
"d:\Programming\Godot\Astra\.godot\editor\3.tres-folding-af315ef2884b8fe52820f07c725e04ce.cfg", "Properties", 0, 0, 0, 0, 0, 0, 0, 0, 2, 0, 0, 2, 4
"d:\Programming\Godot\Astra\.godot\editor\4.tres-folding-94a6387af7382a1626f9c325667dc6e9.cfg", "Properties", 0, 0, 0, 0, 0, 0, 0, 0, 2, 0, 0, 2, 4
"d:\Programming\Godot\Astra\.godot\editor\4.tres-folding-970d60227aa4915646e6c780be13f249.cfg", "Properties", 0, 0, 0, 0, 0, 0, 0, 0, 2, 0, 0, 2, 4
"d:\Programming\Godot\Astra\.godot\editor\4001.tres-folding-4ece428447b983528b8c2634378e0bb1.cfg", "Properties", 0, 0, 0, 0, 0, 0, 0, 0, 2, 0, 0, 2, 4
"d:\Programming\Godot\Astra\.godot\editor\4001.tres-folding-a5ce70cc93dd73af40ced81654e936c3.cfg", "Properties", 0, 0, 0, 0, 0, 0, 0, 0, 2, 0, 0, 2, 4
"d:\Programming\Godot\Astra\.godot\editor\5.tres-folding-3d3371aabefbd015ad54385f993030c7.cfg", "Properties", 0, 0, 0, 0, 0, 0, 0, 0, 2, 0, 0, 2, 4
"d:\Programming\Godot\Astra\.godot\editor\5.tres-folding-5ff2a3dfc28f4ff53f2358e87e33d9b7.cfg", "Properties", 0, 0, 0, 0, 0, 0, 0, 0, 2, 0, 0, 2, 4
"d:\Programming\Godot\Astra\.godot\editor\5.tres-folding-ef14e996c1a4c69822094a196c73694e.cfg", "Properties", 0, 0, 0, 0, 0, 0, 0, 0, 2, 0, 0, 2, 4
"d:\Programming\Godot\Astra\.godot\editor\5001.tres-folding-4d9edee4abaa27cc5b53dbc0f7269c09.cfg", "Properties", 0, 0, 0, 0, 0, 0, 0, 0, 2, 0, 0, 2, 4
"d:\Programming\Godot\Astra\.godot\editor\5001.tres-folding-8650700d58cd337f9c9875a5566af334.cfg", "Properties", 0, 0, 0, 0, 0, 0, 0, 0, 2, 0, 0, 2, 4
"d:\Programming\Godot\Astra\.godot\editor\5001.tres-folding-ffa04fa7d184a14d3f8b61227d9af49d.cfg", "Properties", 0, 0, 0, 0, 0, 0, 0, 0, 2, 0, 0, 2, 4
"d:\Programming\Godot\Astra\.godot\editor\6.tres-folding-982c2081f9ddd5789b9419dba38f0dc0.cfg", "Properties", 0, 0, 0, 0, 0, 0, 0, 0, 2, 0, 0, 2, 4
"d:\Programming\Godot\Astra\.godot\editor\6.tres-folding-c9e963371d612d73a268e0ac707648d2.cfg", "Properties", 0, 0, 0, 0, 0, 0, 0, 0, 2, 0, 0, 2, 4
"d:\Programming\Godot\Astra\.godot\editor\7.tres-folding-784883ed2376644ea40226190e4e0d99.cfg", "Properties", 0, 0, 0, 0, 0, 0, 0, 0, 2, 0, 0, 2, 4
"d:\Programming\Godot\Astra\.godot\editor\7.tres-folding-8c3ae2181e9aa12b2483a6632362e446.cfg", "Properties", 0, 0, 0, 0, 0, 0, 0, 0, 2, 0, 0, 2, 4
"d:\Programming\Godot\Astra\.godot\editor\BackgroundMenuScroll.gdshader-folding-636892d1b6fa7d84ff4560d448d0399d.cfg", "Properties", 0, 0, 0, 0, 0, 0, 0, 0, 2, 0, 0, 2, 4
"d:\Programming\Godot\Astra\.godot\editor\BackgroundShader.gdshader-folding-fa55d94ddbaa4cb59c7570f6be7ac53c.cfg", "Properties", 0, 0, 0, 0, 0, 0, 0, 0, 2, 0, 0, 2, 4
"d:\Programming\Godot\Astra\.godot\editor\Bear.tres-folding-d0510586fb9684b00f911ab2373b9ee8.cfg", "Properties", 0, 0, 0, 0, 0, 0, 0, 0, 2, 0, 0, 2, 4
"d:\Programming\Godot\Astra\.godot\editor\Bonbons.tres-folding-77b71f6d85c3333714c8a4276bd1f67b.cfg", "Properties", 0, 0, 0, 0, 0, 0, 0, 0, 2, 0, 0, 2, 4
"d:\Programming\Godot\Astra\.godot\editor\Builder.tscn-editstate-f216d4757f564bc1c05d5953daf0e357.cfg", "Properties", 0, 0, 0, 0, 0, 0, 0, 0, 174, 0, 0, 2, 176
"d:\Programming\Godot\Astra\.godot\editor\Builder.tscn-folding-f216d4757f564bc1c05d5953daf0e357.cfg", "Properties", 0, 0, 0, 0, 0, 0, 0, 0, 4, 0, 0, 2, 6
"d:\Programming\Godot\Astra\.godot\editor\ButtonIndicator.gd-folding-4a9977aefd986cddceb95d9dce7c9ba8.cfg", "Properties", 0, 0, 0, 0, 0, 0, 0, 0, 2, 0, 0, 2, 4
"d:\Programming\Godot\Astra\.godot\editor\ButtonIndicator.tscn-editstate-0b72ef3b94017dad8c82216d16e81f37.cfg", "Properties", 0, 0, 0, 0, 0, 0, 0, 0, 174, 0, 0, 2, 176
"d:\Programming\Godot\Astra\.godot\editor\ButtonIndicator.tscn-folding-0b72ef3b94017dad8c82216d16e81f37.cfg", "Properties", 0, 0, 0, 0, 0, 0, 0, 0, 4, 0, 0, 2, 6
"d:\Programming\Godot\Astra\.godot\editor\Canon.gd-folding-a78d238a2e7b4c131d8b0a1e16c150eb.cfg", "Properties", 0, 0, 0, 0, 0, 0, 0, 0, 2, 0, 0, 2, 4
"d:\Programming\Godot\Astra\.godot\editor\Canon.tscn-editstate-e27d51d6178eda73c44ead68e2771078.cfg", "Properties", 0, 0, 0, 0, 0, 0, 0, 0, 174, 0, 0, 2, 176
"d:\Programming\Godot\Astra\.godot\editor\Canon.tscn-folding-e27d51d6178eda73c44ead68e2771078.cfg", "Properties", 0, 0, 0, 0, 0, 0, 0, 0, 4, 0, 0, 2, 6
"d:\Programming\Godot\Astra\.godot\editor\Character.gd-folding-4658551123dd214a40cb7d3519fced7e.cfg", "Properties", 0, 0, 0, 0, 0, 0, 0, 0, 2, 0, 0, 2, 4
"d:\Programming\Godot\Astra\.godot\editor\Chip.tres-folding-d9195ebd65e74d57205dcc65ef871100.cfg", "Properties", 0, 0, 0, 0, 0, 0, 0, 0, 2, 0, 0, 2, 4
"d:\Programming\Godot\Astra\.godot\editor\Coin.tres-folding-d6aa1543c9f6a6281d27ba0ff19154d0.cfg", "Properties", 0, 0, 0, 0, 0, 0, 0, 0, 2, 0, 0, 2, 4
"d:\Programming\Godot\Astra\.godot\editor\Compass.tres-folding-ea373b87cef15c7f6e64af42a2fff653.cfg", "Properties", 0, 0, 0, 0, 0, 0, 0, 0, 2, 0, 0, 2, 4
"d:\Programming\Godot\Astra\.godot\editor\Connector.tscn-editstate-858e89ac8c955cf435153734288e61c4.cfg", "Properties", 0, 0, 0, 0, 0, 0, 0, 0, 174, 0, 0, 2, 176
"d:\Programming\Godot\Astra\.godot\editor\Connector.tscn-folding-858e89ac8c955cf435153734288e61c4.cfg", "Properties", 0, 0, 0, 0, 0, 0, 0, 0, 4, 0, 0, 2, 6
"d:\Programming\Godot\Astra\.godot\editor\Core.tscn-editstate-d4476558fb7d2cd95a193d75ae6a7f44.cfg", "Properties", 0, 0, 0, 0, 0, 0, 0, 0, 174, 0, 0, 2, 176
"d:\Programming\Godot\Astra\.godot\editor\Core.tscn-folding-d4476558fb7d2cd95a193d75ae6a7f44.cfg", "Properties", 0, 0, 0, 0, 0, 0, 0, 0, 4, 0, 0, 2, 6
"d:\Programming\Godot\Astra\.godot\editor\Credits.gd-folding-5630ab37d91dbe0d4c6a773c48ea3624.cfg", "Properties", 0, 0, 0, 0, 0, 0, 0, 0, 2, 0, 0, 2, 4
"d:\Programming\Godot\Astra\.godot\editor\Credits.tscn-editstate-ba10b6bf9b68ff95e16c5bbd546b3ea2.cfg", "Properties", 0, 0, 0, 0, 0, 0, 0, 0, 174, 0, 0, 2, 176
"d:\Programming\Godot\Astra\.godot\editor\Credits.tscn-folding-ba10b6bf9b68ff95e16c5bbd546b3ea2.cfg", "Properties", 0, 0, 0, 0, 0, 0, 0, 0, 4, 0, 0, 2, 6
"d:\Programming\Godot\Astra\.godot\editor\CustomObjectSpawn.gd-folding-6287c82063595a7ecfea5a3fad1ef48d.cfg", "Properties", 0, 0, 0, 0, 0, 0, 0, 0, 2, 0, 0, 2, 4
"d:\Programming\Godot\Astra\.godot\editor\DialogManager.gd-folding-85d98b4b538371ac2837d8f6f417bffe.cfg", "Properties", 0, 0, 0, 0, 0, 0, 0, 0, 2, 0, 0, 2, 4
"d:\Programming\Godot\Astra\.godot\editor\Dialogs.gd-folding-058e828aa5710547b5461184bf91dfca.cfg", "Properties", 0, 0, 0, 0, 0, 0, 0, 0, 2, 0, 0, 2, 4
"d:\Programming\Godot\Astra\.godot\editor\Disk.tres-folding-37e5e820a2b81b6597dc2609c6e6fe40.cfg", "Properties", 0, 0, 0, 0, 0, 0, 0, 0, 2, 0, 0, 2, 4
"d:\Programming\Godot\Astra\.godot\editor\Door.gd-folding-1b545a89a3a3312be62509b751c21210.cfg", "Properties", 0, 0, 0, 0, 0, 0, 0, 0, 2, 0, 0, 2, 4
"d:\Programming\Godot\Astra\.godot\editor\Door.tscn-editstate-d9f68004b8a39e9e6d54f33e7bfae7b9.cfg", "Properties", 0, 0, 0, 0, 0, 0, 0, 0, 174, 0, 0, 2, 176
"d:\Programming\Godot\Astra\.godot\editor\Door.tscn-folding-d9f68004b8a39e9e6d54f33e7bfae7b9.cfg", "Properties", 0, 0, 0, 0, 0, 0, 0, 0, 4, 0, 0, 2, 6
"d:\Programming\Godot\Astra\.godot\editor\DoorClose.ogg-a3afbd984bc68529fcbf5adf36266e97.oggvorbisstr-folding-225c0ef42853ebe7543c59d3038e9f0f.cfg", "Properties", 0, 0, 0, 0, 0, 0, 0, 0, 2, 0, 0, 2, 4
"d:\Programming\Godot\Astra\.godot\editor\DoorClose.ogg-b28f6a35dc17139af0044129486c4e3c.oggvorbisstr-folding-912f8a16a7e99470f7f2ce8bbf5bc77d.cfg", "Properties", 0, 0, 0, 0, 0, 0, 0, 0, 2, 0, 0, 2, 4
"d:\Programming\Godot\Astra\.godot\editor\DoorOpen.ogg-4ab6df9bd4bb937cb4ecbe3c8c54b4d7.oggvorbisstr-folding-dbdf373ddf8e453225f45a6e6640643f.cfg", "Properties", 0, 0, 0, 0, 0, 0, 0, 0, 2, 0, 0, 2, 4
"d:\Programming\Godot\Astra\.godot\editor\Editor.gd-folding-3a9ddaebe1dcb03fe90117259d165427.cfg", "Properties", 0, 0, 0, 0, 0, 0, 0, 0, 2, 0, 0, 2, 4
"d:\Programming\Godot\Astra\.godot\editor\Editor.tscn-editstate-da1fe775029f94f1b37d28c0994d1a8f.cfg", "Properties", 0, 0, 0, 0, 0, 0, 0, 0, 177, 0, 0, 2, 179
"d:\Programming\Godot\Astra\.godot\editor\Editor.tscn-folding-da1fe775029f94f1b37d28c0994d1a8f.cfg", "Properties", 0, 0, 0, 0, 0, 0, 0, 0, 4, 0, 0, 2, 6
"d:\Programming\Godot\Astra\.godot\editor\Game.tscn-editstate-8ec1ce4394550eef6b399142f35b815f.cfg", "Properties", 0, 0, 0, 0, 0, 0, 0, 0, 189, 0, 0, 2, 191
"d:\Programming\Godot\Astra\.godot\editor\Game.tscn-folding-8ec1ce4394550eef6b399142f35b815f.cfg", "Properties", 0, 0, 0, 0, 0, 0, 0, 0, 4, 0, 0, 2, 6
"d:\Programming\Godot\Astra\.godot\editor\GameShader.gdshader-folding-e7b834539fe66320386256c54d063125.cfg", "Properties", 0, 0, 0, 0, 0, 0, 0, 0, 2, 0, 0, 2, 4
"d:\Programming\Godot\Astra\.godot\editor\Goal.gd-folding-37ce5e090305d37c5fb20bf85fa4e297.cfg", "Properties", 0, 0, 0, 0, 0, 0, 0, 0, 2, 0, 0, 2, 4
"d:\Programming\Godot\Astra\.godot\editor\Gum.tres-folding-33acebc97ef4cef6655cc45472292b37.cfg", "Properties", 0, 0, 0, 0, 0, 0, 0, 0, 2, 0, 0, 2, 4
"d:\Programming\Godot\Astra\.godot\editor\Item.gd-folding-0fc302f8978bf2e39538c6a04f92fd37.cfg", "Properties", 0, 0, 0, 0, 0, 0, 0, 0, 2, 0, 0, 2, 4
"d:\Programming\Godot\Astra\.godot\editor\Kl94.tres-folding-d0c114624c80e5b7df7a602709525c83.cfg", "Properties", 0, 0, 0, 0, 0, 0, 0, 0, 2, 0, 0, 2, 4
"d:\Programming\Godot\Astra\.godot\editor\Limits.gd-folding-26452a96cf0e5787c678b7efd4e8477a.cfg", "Properties", 0, 0, 0, 0, 0, 0, 0, 0, 2, 0, 0, 2, 4
"d:\Programming\Godot\Astra\.godot\editor\Menu.gd-folding-1d9294ee252bfcd240e64aca4eae31e6.cfg", "Properties", 0, 0, 0, 0, 0, 0, 0, 0, 2, 0, 0, 2, 4
"d:\Programming\Godot\Astra\.godot\editor\Menu.tscn-editstate-c66ca9adccb575bddabad42984d7fed5.cfg", "Properties", 0, 0, 0, 0, 0, 0, 0, 0, 177, 0, 0, 2, 179
"d:\Programming\Godot\Astra\.godot\editor\Menu.tscn-folding-c66ca9adccb575bddabad42984d7fed5.cfg", "Properties", 0, 0, 0, 0, 0, 0, 0, 0, 4, 0, 0, 2, 6
"d:\Programming\Godot\Astra\.godot\editor\MenuTheme.tres-folding-c299ef7f092f58f06bb0b5717c3aeaa9.cfg", "Properties", 0, 0, 0, 0, 0, 0, 0, 0, 2, 0, 0, 2, 4
"d:\Programming\Godot\Astra\.godot\editor\NPC.gd-folding-f71c87401630d62613eecdb15391b363.cfg", "Properties", 0, 0, 0, 0, 0, 0, 0, 0, 2, 0, 0, 2, 4
"d:\Programming\Godot\Astra\.godot\editor\NPC.tscn-editstate-0cfa7cb97d057a3b1a9561caffad3736.cfg", "Properties", 0, 0, 0, 0, 0, 0, 0, 0, 174, 0, 0, 2, 176
"d:\Programming\Godot\Astra\.godot\editor\NPC.tscn-folding-0cfa7cb97d057a3b1a9561caffad3736.cfg", "Properties", 0, 0, 0, 0, 0, 0, 0, 0, 4, 0, 0, 2, 6
"d:\Programming\Godot\Astra\.godot\editor\NPCPreset.gd-folding-98dcba0f65eea8b1d74ca2ae48119f5a.cfg", "Properties", 0, 0, 0, 0, 0, 0, 0, 0, 2, 0, 0, 2, 4
"d:\Programming\Godot\Astra\.godot\editor\NPCSaveFile.gd-folding-54dc3977690b065f6e95c4d2e11f5b26.cfg", "Properties", 0, 0, 0, 0, 0, 0, 0, 0, 2, 0, 0, 2, 4
"d:\Programming\Godot\Astra\.godot\editor\NPCSprite.tscn-folding-74ab3a58fc1db30287d9eb7efd0feee6.cfg", "Properties", 0, 0, 0, 0, 0, 0, 0, 0, 4, 0, 0, 2, 6
"d:\Programming\Godot\Astra\.godot\editor\OST.mp3-6d85a8ad0d7814e209866fbc874c64c1.mp3str-folding-a51a00bb14fc65f3f48dacf18caa5f85.cfg", "Properties", 0, 0, 0, 0, 0, 0, 0, 0, 2, 0, 0, 2, 4
"d:\Programming\Godot\Astra\.godot\editor\ObjectTileMap.gd-folding-b50169b6e7df4452bc2450602f01f814.cfg", "Properties", 0, 0, 0, 0, 0, 0, 0, 0, 2, 0, 0, 2, 4
"d:\Programming\Godot\Astra\.godot\editor\ObjectTileMap.tres-folding-62f7020647f9ae2774de195b39cea453.cfg", "Properties", 0, 0, 0, 0, 0, 0, 0, 0, 2, 0, 0, 2, 4
"d:\Programming\Godot\Astra\.godot\editor\Options.gd-folding-4d21e663ef95d377596f5c92fc5a7494.cfg", "Properties", 0, 0, 0, 0, 0, 0, 0, 0, 2, 0, 0, 2, 4
"d:\Programming\Godot\Astra\.godot\editor\Player.gd-folding-5a8b1726f0b86e6078a31963eafd30b0.cfg", "Properties", 0, 0, 0, 0, 0, 0, 0, 0, 2, 0, 0, 2, 4
"d:\Programming\Godot\Astra\.godot\editor\Player.tscn-editstate-e3f3c13958299d5b5fecbaa27d1b1bdf.cfg", "Properties", 0, 0, 0, 0, 0, 0, 0, 0, 177, 0, 0, 2, 179
"d:\Programming\Godot\Astra\.godot\editor\Player.tscn-folding-e3f3c13958299d5b5fecbaa27d1b1bdf.cfg", "Properties", 0, 0, 0, 0, 0, 0, 0, 0, 4, 0, 0, 2, 6
"d:\Programming\Godot\Astra\.godot\editor\PlayerSaveFile.gd-folding-b7096cdbfcb9ff0ad6eefa0ccc9d4ca4.cfg", "Properties", 0, 0, 0, 0, 0, 0, 0, 0, 2, 0, 0, 2, 4
"d:\Programming\Godot\Astra\.godot\editor\Projectile.gd-folding-4720e6a111937bc4ef70d00e511285d8.cfg", "Properties", 0, 0, 0, 0, 0, 0, 0, 0, 2, 0, 0, 2, 4
"d:\Programming\Godot\Astra\.godot\editor\Projectile.tscn-editstate-93bd79114e546d6d94cbf78b5b47fc83.cfg", "Properties", 0, 0, 0, 0, 0, 0, 0, 0, 174, 0, 0, 2, 176
"d:\Programming\Godot\Astra\.godot\editor\Projectile.tscn-folding-93bd79114e546d6d94cbf78b5b47fc83.cfg", "Properties", 0, 0, 0, 0, 0, 0, 0, 0, 4, 0, 0, 2, 6
"d:\Programming\Godot\Astra\.godot\editor\Quest.gd-folding-5ef6b8f539ed14b0491a32ec4f093c0b.cfg", "Properties", 0, 0, 0, 0, 0, 0, 0, 0, 2, 0, 0, 2, 4
"d:\Programming\Godot\Astra\.godot\editor\QuestManager.gd-folding-53f49ae80bc133d844c31ccc7f36355f.cfg", "Properties", 0, 0, 0, 0, 0, 0, 0, 0, 2, 0, 0, 2, 4
"d:\Programming\Godot\Astra\.godot\editor\QuestSaveFile.gd-folding-fce8da2dc3e9e35c8babed6eda5b4d9e.cfg", "Properties", 0, 0, 0, 0, 0, 0, 0, 0, 2, 0, 0, 2, 4
"d:\Programming\Godot\Astra\.godot\editor\Radio.tres-folding-6d4136cffc094453d83106cd3efc3b6d.cfg", "Properties", 0, 0, 0, 0, 0, 0, 0, 0, 2, 0, 0, 2, 4
"d:\Programming\Godot\Astra\.godot\editor\SaveFile.gd-folding-ea46e9004547273aa7fa9e4b14c0c833.cfg", "Properties", 0, 0, 0, 0, 0, 0, 0, 0, 2, 0, 0, 2, 4
"d:\Programming\Godot\Astra\.godot\editor\Settings.gd-folding-3a48e0cadb7f86a98d6c774ec36c1932.cfg", "Properties", 0, 0, 0, 0, 0, 0, 0, 0, 2, 0, 0, 2, 4
"d:\Programming\Godot\Astra\.godot\editor\Settings.tscn-editstate-6cb79092696b70b71fb229c64f5a67c5.cfg", "Properties", 0, 0, 0, 0, 0, 0, 0, 0, 174, 0, 0, 2, 176
"d:\Programming\Godot\Astra\.godot\editor\Settings.tscn-folding-6cb79092696b70b71fb229c64f5a67c5.cfg", "Properties", 0, 0, 0, 0, 0, 0, 0, 0, 4, 0, 0, 2, 6
"d:\Programming\Godot\Astra\.godot\editor\Ship.gd-folding-aa10ba3597bb5ac1028aeaf294cda51b.cfg", "Properties", 0, 0, 0, 0, 0, 0, 0, 0, 2, 0, 0, 2, 4
"d:\Programming\Godot\Astra\.godot\editor\Ship.tscn-editstate-002512f2e176591fb78e298d8e953eb8.cfg", "Properties", 0, 0, 0, 0, 0, 0, 0, 0, 177, 0, 0, 2, 179
"d:\Programming\Godot\Astra\.godot\editor\Ship.tscn-folding-002512f2e176591fb78e298d8e953eb8.cfg", "Properties", 0, 0, 0, 0, 0, 0, 0, 0, 4, 0, 0, 2, 6
"d:\Programming\Godot\Astra\.godot\editor\ShipManager.gd-folding-2e3eba5f074c0bd0776772029c33eda6.cfg", "Properties", 0, 0, 0, 0, 0, 0, 0, 0, 2, 0, 0, 2, 4
"d:\Programming\Godot\Astra\.godot\editor\ShipPartScript.gd-folding-7efc3051a54c44b3902dc7c17225f107.cfg", "Properties", 0, 0, 0, 0, 0, 0, 0, 0, 2, 0, 0, 2, 4
"d:\Programming\Godot\Astra\.godot\editor\ShipSaveFile.gd-folding-070116480a7c7baa9d673ed855161c71.cfg", "Properties", 0, 0, 0, 0, 0, 0, 0, 0, 2, 0, 0, 2, 4
"d:\Programming\Godot\Astra\.godot\editor\SpaceMono-Bold.ttf-33c46ca97ae668d0a31b24e41e5fd85f.fontdata-folding-f4a36cc59e2d47ef585d7a51f733cf02.cfg", "Properties", 0, 0, 0, 0, 0, 0, 0, 0, 2, 0, 0, 2, 4
"d:\Programming\Godot\Astra\.godot\editor\SpaceMono-BoldItalic.ttf-080e7a766dd38d7aede6614641bd7df2.fontdata-folding-4f4f4ef1772403c0598ab46131fa1684.cfg", "Properties", 0, 0, 0, 0, 0, 0, 0, 0, 2, 0, 0, 2, 4
"d:\Programming\Godot\Astra\.godot\editor\SpaceMono-Italic.ttf-081aba227eb4a044775924950e67dd84.fontdata-folding-af074dead95bf06a768c5c9684d7f7c9.cfg", "Properties", 0, 0, 0, 0, 0, 0, 0, 0, 2, 0, 0, 2, 4
"d:\Programming\Godot\Astra\.godot\editor\SpaceMono-Regular.ttf-ed3e050069619f85dc343ec8b919c27f.fontdata-folding-66bc8202f654bccd33067c994ccd8680.cfg", "Properties", 0, 0, 0, 0, 0, 0, 0, 0, 2, 0, 0, 2, 4
"d:\Programming\Godot\Astra\.godot\editor\Thruster.tscn-editstate-a88a0292fb7f12bc172e4327d597014a.cfg", "Properties", 0, 0, 0, 0, 0, 0, 0, 0, 174, 0, 0, 2, 176
"d:\Programming\Godot\Astra\.godot\editor\Thruster.tscn-folding-a88a0292fb7f12bc172e4327d597014a.cfg", "Properties", 0, 0, 0, 0, 0, 0, 0, 0, 4, 0, 0, 2, 6
"d:\Programming\Godot\Astra\.godot\editor\Vape.tres-folding-ee06c3d15d959ba8fedbb7bdfc9c2ed9.cfg", "Properties", 0, 0, 0, 0, 0, 0, 0, 0, 2, 0, 0, 2, 4
"d:\Programming\Godot\Astra\.godot\editor\Wall.tscn-editstate-2ecd49a0fe8786e787eba1f10521c02c.cfg", "Properties", 0, 0, 0, 0, 0, 0, 0, 0, 174, 0, 0, 2, 176
"d:\Programming\Godot\Astra\.godot\editor\Wall.tscn-folding-2ecd49a0fe8786e787eba1f10521c02c.cfg", "Properties", 0, 0, 0, 0, 0, 0, 0, 0, 4, 0, 0, 2, 6
"d:\Programming\Godot\Astra\.godot\editor\WallTileMap.gd-folding-682eb2fa985816eb647bc044cb9a9699.cfg", "Properties", 0, 0, 0, 0, 0, 0, 0, 0, 2, 0, 0, 2, 4
"d:\Programming\Godot\Astra\.godot\editor\WallTileMap.tres-folding-41cf18f38222391ee280fabdcfb3de74.cfg", "Properties", 0, 0, 0, 0, 0, 0, 0, 0, 2, 0, 0, 2, 4
"d:\Programming\Godot\Astra\.godot\editor\World.gd-folding-f932007e106ee72380b191d965152654.cfg", "Properties", 0, 0, 0, 0, 0, 0, 0, 0, 2, 0, 0, 2, 4
"d:\Programming\Godot\Astra\.godot\editor\break.mp3-5630d015df923f09fda05954fe9e110c.mp3str-folding-51560ae667e9d5a1b2e0c9d35fe53994.cfg", "Properties", 0, 0, 0, 0, 0, 0, 0, 0, 2, 0, 0, 2, 4
"d:\Programming\Godot\Astra\.godot\editor\builder.tres-folding-4ef7d0d9ccc2729ceb0b0608aee07ed5.cfg", "Properties", 0, 0, 0, 0, 0, 0, 0, 0, 2, 0, 0, 2, 4
"d:\Programming\Godot\Astra\.godot\editor\bus_layout.tres-folding-a5c5573606fcef89fa326b70fc16116f.cfg", "Properties", 0, 0, 0, 0, 0, 0, 0, 0, 2, 0, 0, 2, 4
"d:\Programming\Godot\Astra\.godot\editor\canon.tscn-editstate-3839457c7854cb96aac3af388c8cecea.cfg", "Properties", 0, 0, 0, 0, 0, 0, 0, 0, 174, 0, 0, 2, 176
"d:\Programming\Godot\Astra\.godot\editor\canon.tscn-folding-3839457c7854cb96aac3af388c8cecea.cfg", "Properties", 0, 0, 0, 0, 0, 0, 0, 0, 4, 0, 0, 2, 6
"d:\Programming\Godot\Astra\.godot\editor\connector.tres-folding-2df21ff7a4dfe1241f84f68fc103cff3.cfg", "Properties", 0, 0, 0, 0, 0, 0, 0, 0, 2, 0, 0, 2, 4
"d:\Programming\Godot\Astra\.godot\editor\core.tres-folding-71e55a35323658a8cbd8fc88b53790a8.cfg", "Properties", 0, 0, 0, 0, 0, 0, 0, 0, 2, 0, 0, 2, 4
"d:\Programming\Godot\Astra\.godot\editor\crt.gdshader-folding-ddfed1e8a46d7d2e434a741c7ae3a669.cfg", "Properties", 0, 0, 0, 0, 0, 0, 0, 0, 2, 0, 0, 2, 4
"d:\Programming\Godot\Astra\.godot\editor\deploy.mp3-a90078829e75c737677510d149cad851.mp3str-folding-0dfd6dcbe67f37699d54ff4d510fb651.cfg", "Properties", 0, 0, 0, 0, 0, 0, 0, 0, 2, 0, 0, 2, 4
"d:\Programming\Godot\Astra\.godot\editor\door.tres-folding-2eae6db186ee2085e48c4f4faad4dab1.cfg", "Properties", 0, 0, 0, 0, 0, 0, 0, 0, 2, 0, 0, 2, 4
"d:\Programming\Godot\Astra\.godot\editor\editor_layout.cfg", "Properties", 0, 0, 0, 0, 0, 0, 0, 0, 78, 0, 0, 18, 96
"d:\Programming\Godot\Astra\.godot\editor\editor_script_doc_cache.res-folding-a7de57390d6e786984ca20c70a831128.cfg", "Properties", 0, 0, 0, 0, 0, 0, 0, 0, 2, 0, 0, 2, 4
"d:\Programming\Godot\Astra\.godot\editor\export-002512f2e176591fb78e298d8e953eb8-Ship.scn-folding-652b8c929e651cc7978956d45933c47b.cfg", "Properties", 0, 0, 0, 0, 0, 0, 0, 0, 2, 0, 0, 2, 4
"d:\Programming\Godot\Astra\.godot\editor\export-0b72ef3b94017dad8c82216d16e81f37-ButtonIndicator.scn-folding-c4996e7c89b6f6b0cbc4b9cec265ee4b.cfg", "Properties", 0, 0, 0, 0, 0, 0, 0, 0, 2, 0, 0, 2, 4
"d:\Programming\Godot\Astra\.godot\editor\export-0cfa7cb97d057a3b1a9561caffad3736-NPC.scn-folding-51b0415346b3586471a49fb45c530f96.cfg", "Properties", 0, 0, 0, 0, 0, 0, 0, 0, 2, 0, 0, 2, 4
"d:\Programming\Godot\Astra\.godot\editor\export-14729f899484ef63079d06a734959d30-floor.res-folding-2608a9b9f4867772927593b6611d35b4.cfg", "Properties", 0, 0, 0, 0, 0, 0, 0, 0, 2, 0, 0, 2, 4
"d:\Programming\Godot\Astra\.godot\editor\export-1953a3eef18b27500aa655ca14fa7062-0.res-folding-c9992f607870c62182ac0c6734e83ed9.cfg", "Properties", 0, 0, 0, 0, 0, 0, 0, 0, 2, 0, 0, 2, 4
"d:\Programming\Godot\Astra\.godot\editor\export-203e22fd58f6fed1013cdaaa8a3b1851-npc.res-folding-e3c56c745e4ea40c93ac99870dd4b5a1.cfg", "Properties", 0, 0, 0, 0, 0, 0, 0, 0, 2, 0, 0, 2, 4
"d:\Programming\Godot\Astra\.godot\editor\export-20ec130576c32d58db9e2d9d6be214bf-Inventory.scn-folding-dd5af3d55aa31e196b454b06647c5c3a.cfg", "Properties", 0, 0, 0, 0, 0, 0, 0, 0, 2, 0, 0, 2, 4
"d:\Programming\Godot\Astra\.godot\editor\export-2421b3196cb0ae8b6d02373ad5550744-Slot.scn-folding-41152e9786365d7c6a7d6c2e2d7acb75.cfg", "Properties", 0, 0, 0, 0, 0, 0, 0, 0, 2, 0, 0, 2, 4
"d:\Programming\Godot\Astra\.godot\editor\export-29399adfb8dcffb18d7c922e2717b8ef-2.res-folding-76b1095bd172035fc55b5be88e884dce.cfg", "Properties", 0, 0, 0, 0, 0, 0, 0, 0, 2, 0, 0, 2, 4
"d:\Programming\Godot\Astra\.godot\editor\export-2df21ff7a4dfe1241f84f68fc103cff3-connector.res-folding-4061b868c1d4fbd694ddbf596c8a291c.cfg", "Properties", 0, 0, 0, 0, 0, 0, 0, 0, 2, 0, 0, 2, 4
"d:\Programming\Godot\Astra\.godot\editor\export-2eae6db186ee2085e48c4f4faad4dab1-door.res-folding-05d3f03fdb3d48f17967f1745ebdb94f.cfg", "Properties", 0, 0, 0, 0, 0, 0, 0, 0, 2, 0, 0, 2, 4
"d:\Programming\Godot\Astra\.godot\editor\export-2ecd49a0fe8786e787eba1f10521c02c-Wall.scn-folding-bce93ea3876d85f1e37e14e5e8392636.cfg", "Properties", 0, 0, 0, 0, 0, 0, 0, 0, 2, 0, 0, 2, 4
"d:\Programming\Godot\Astra\.godot\editor\export-33acebc97ef4cef6655cc45472292b37-Gum.res-folding-eb7a6c50bfd9533551f0a16649050175.cfg", "Properties", 0, 0, 0, 0, 0, 0, 0, 0, 2, 0, 0, 2, 4
"d:\Programming\Godot\Astra\.godot\editor\export-37e5e820a2b81b6597dc2609c6e6fe40-Disk.res-folding-847fd8046bae8e9105b1e56ada194ab6.cfg", "Properties", 0, 0, 0, 0, 0, 0, 0, 0, 2, 0, 0, 2, 4
"d:\Programming\Godot\Astra\.godot\editor\export-3d3371aabefbd015ad54385f993030c7-5.res-folding-7531c1998901a2b62bb224a019f813a7.cfg", "Properties", 0, 0, 0, 0, 0, 0, 0, 0, 2, 0, 0, 2, 4
"d:\Programming\Godot\Astra\.godot\editor\export-40c2fe33e1d294306420af4aa7cc8065-helm.res-folding-b7aefe3a33ba91030bafb22da991238f.cfg", "Properties", 0, 0, 0, 0, 0, 0, 0, 0, 2, 0, 0, 2, 4
"d:\Programming\Godot\Astra\.godot\editor\export-41cf18f38222391ee280fabdcfb3de74-WallTileMap.res-folding-266d3833ed7df433d9bd0ec94ff1cb9e.cfg", "Properties", 0, 0, 0, 0, 0, 0, 0, 0, 2, 0, 0, 2, 4
"d:\Programming\Godot\Astra\.godot\editor\export-4cc19776963d59b66a34e5d17e734d87-save_file.res-folding-2d0dbbf893d04dd03925f3642d056ca7.cfg", "Properties", 0, 0, 0, 0, 0, 0, 0, 0, 2, 0, 0, 2, 4
"d:\Programming\Godot\Astra\.godot\editor\export-4d9edee4abaa27cc5b53dbc0f7269c09-5001.res-folding-bdab1333cd9b5d04b4e1f7135fc9c9be.cfg", "Properties", 0, 0, 0, 0, 0, 0, 0, 0, 2, 0, 0, 2, 4
"d:\Programming\Godot\Astra\.godot\editor\export-4ece428447b983528b8c2634378e0bb1-4001.res-folding-3f31839d24ec482e5277f819c448dacf.cfg", "Properties", 0, 0, 0, 0, 0, 0, 0, 0, 2, 0, 0, 2, 4
"d:\Programming\Godot\Astra\.godot\editor\export-4ef7d0d9ccc2729ceb0b0608aee07ed5-builder.res-folding-f65a10f8698672ad71c77a869b06e19a.cfg", "Properties", 0, 0, 0, 0, 0, 0, 0, 0, 2, 0, 0, 2, 4
"d:\Programming\Godot\Astra\.godot\editor\export-539f743074fc038c45864d8b9c365881-3.res-folding-9605d81e1ee18d3fd6334336cc8328fd.cfg", "Properties", 0, 0, 0, 0, 0, 0, 0, 0, 2, 0, 0, 2, 4
"d:\Programming\Godot\Astra\.godot\editor\export-575022c21c14f08f3384a106fd47a8f7-test.res-folding-9611875d02245ff1f83b0a25d5809c10.cfg", "Properties", 0, 0, 0, 0, 0, 0, 0, 0, 2, 0, 0, 2, 4
"d:\Programming\Godot\Astra\.godot\editor\export-5ff2a3dfc28f4ff53f2358e87e33d9b7-5.res-folding-073f636ddd17942d40701246af223504.cfg", "Properties", 0, 0, 0, 0, 0, 0, 0, 0, 2, 0, 0, 2, 4
"d:\Programming\Godot\Astra\.godot\editor\export-62f7020647f9ae2774de195b39cea453-ObjectTileMap.res-folding-fa3a7d51a08b2ddcd52c62183a834d46.cfg", "Properties", 0, 0, 0, 0, 0, 0, 0, 0, 2, 0, 0, 2, 4
"d:\Programming\Godot\Astra\.godot\editor\export-6cb79092696b70b71fb229c64f5a67c5-Settings.scn-folding-a6f77e975a3bd5a3c6d8cb9c695ac20a.cfg", "Properties", 0, 0, 0, 0, 0, 0, 0, 0, 2, 0, 0, 2, 4
"d:\Programming\Godot\Astra\.godot\editor\export-6d4136cffc094453d83106cd3efc3b6d-Radio.res-folding-5a53fe74e985c6346c438a334c1bc20b.cfg", "Properties", 0, 0, 0, 0, 0, 0, 0, 0, 2, 0, 0, 2, 4
"d:\Programming\Godot\Astra\.godot\editor\export-71e55a35323658a8cbd8fc88b53790a8-core.res-folding-53140a9cf25dced48474ad3e075fda27.cfg", "Properties", 0, 0, 0, 0, 0, 0, 0, 0, 2, 0, 0, 2, 4
"d:\Programming\Godot\Astra\.godot\editor\export-74ab3a58fc1db30287d9eb7efd0feee6-NPCSprite.scn-folding-20c35f1cc5cf8b94d9261afa820fba59.cfg", "Properties", 0, 0, 0, 0, 0, 0, 0, 0, 2, 0, 0, 2, 4
"d:\Programming\Godot\Astra\.godot\editor\export-77b71f6d85c3333714c8a4276bd1f67b-Bonbons.res-folding-206891dad502842bfd3f90bbe9972c15.cfg", "Properties", 0, 0, 0, 0, 0, 0, 0, 0, 2, 0, 0, 2, 4
"d:\Programming\Godot\Astra\.godot\editor\export-784883ed2376644ea40226190e4e0d99-7.res-folding-1fff5725b122ac3f35c24b6fbacb54ef.cfg", "Properties", 0, 0, 0, 0, 0, 0, 0, 0, 2, 0, 0, 2, 4
"d:\Programming\Godot\Astra\.godot\editor\export-7de0612ab66e85b1da138a63469995a7-TextBox.scn-folding-442395a5f6bfac2abce30cd05d15f213.cfg", "Properties", 0, 0, 0, 0, 0, 0, 0, 0, 2, 0, 0, 2, 4
"d:\Programming\Godot\Astra\.godot\editor\export-80f183811d1023bac410cd87a206c0c5-Item.scn-folding-4309d64b65d60a552edc7a793b76d6f1.cfg", "Properties", 0, 0, 0, 0, 0, 0, 0, 0, 2, 0, 0, 2, 4
"d:\Programming\Godot\Astra\.godot\editor\export-858e89ac8c955cf435153734288e61c4-Connector.scn-folding-6ce13b078945c809bcb9ec466e4f10d7.cfg", "Properties", 0, 0, 0, 0, 0, 0, 0, 0, 2, 0, 0, 2, 4
"d:\Programming\Godot\Astra\.godot\editor\export-8650700d58cd337f9c9875a5566af334-5001.res-folding-f4fc742610c59634f5534226cee0f07d.cfg", "Properties", 0, 0, 0, 0, 0, 0, 0, 0, 2, 0, 0, 2, 4
"d:\Programming\Godot\Astra\.godot\editor\export-8c3ae2181e9aa12b2483a6632362e446-7.res-folding-f937b7eb3b863515f88a596390a73e96.cfg", "Properties", 0, 0, 0, 0, 0, 0, 0, 0, 2, 0, 0, 2, 4
"d:\Programming\Godot\Astra\.godot\editor\export-8ec1ce4394550eef6b399142f35b815f-Game.scn-folding-2ae9900d21a5895805702f8cf6ef3ee4.cfg", "Properties", 0, 0, 0, 0, 0, 0, 0, 0, 2, 0, 0, 2, 4
"d:\Programming\Godot\Astra\.godot\editor\export-8f995176c669af154fc67ad928cdbdcd-wall.res-folding-7ca729f9b34e59023422de9180dc9347.cfg", "Properties", 0, 0, 0, 0, 0, 0, 0, 0, 2, 0, 0, 2, 4
"d:\Programming\Godot\Astra\.godot\editor\export-917dc14810621d7e5696cd05d00b34ee-0.res-folding-b272a86b921db12c8f4c6d80e984f8e6.cfg", "Properties", 0, 0, 0, 0, 0, 0, 0, 0, 2, 0, 0, 2, 4
"d:\Programming\Godot\Astra\.godot\editor\export-93bd79114e546d6d94cbf78b5b47fc83-Projectile.scn-folding-f86ca5fdf26e91b931bb07a85bdcbada.cfg", "Properties", 0, 0, 0, 0, 0, 0, 0, 0, 2, 0, 0, 2, 4
"d:\Programming\Godot\Astra\.godot\editor\export-941873f7557abbd59368bbf14c6740f3-2.res-folding-7a14b55cbe96020a09325e0a83ad6454.cfg", "Properties", 0, 0, 0, 0, 0, 0, 0, 0, 2, 0, 0, 2, 4
"d:\Programming\Godot\Astra\.godot\editor\export-94a6387af7382a1626f9c325667dc6e9-4.res-folding-7e567f9bcf0feebd291f5b441b0b617c.cfg", "Properties", 0, 0, 0, 0, 0, 0, 0, 0, 2, 0, 0, 2, 4
"d:\Programming\Godot\Astra\.godot\editor\export-970d60227aa4915646e6c780be13f249-4.res-folding-806ea43d331f76612059b5a330958904.cfg", "Properties", 0, 0, 0, 0, 0, 0, 0, 0, 2, 0, 0, 2, 4
"d:\Programming\Godot\Astra\.godot\editor\export-982c2081f9ddd5789b9419dba38f0dc0-6.res-folding-b00f0dfcd905f792678e10dca741427c.cfg", "Properties", 0, 0, 0, 0, 0, 0, 0, 0, 2, 0, 0, 2, 4
"d:\Programming\Godot\Astra\.godot\editor\export-9d1df11f08beac2590d5ad73d4dad4a6-1.res-folding-5007539a39545165d8f8fadd1dfcb1f1.cfg", "Properties", 0, 0, 0, 0, 0, 0, 0, 0, 2, 0, 0, 2, 4
"d:\Programming\Godot\Astra\.godot\editor\export-a45b8e76eac708523417e79a09dc0bf7-Debris.scn-folding-bd5c92bfcad9da7dfa08f5649d27e565.cfg", "Properties", 0, 0, 0, 0, 0, 0, 0, 0, 2, 0, 0, 2, 4
"d:\Programming\Godot\Astra\.godot\editor\export-a5ba41e01e0e7bcfd690cd6e86e49c38-item.res-folding-41a968dd3337e0ab23ce52369b3e3bee.cfg", "Properties", 0, 0, 0, 0, 0, 0, 0, 0, 2, 0, 0, 2, 4
"d:\Programming\Godot\Astra\.godot\editor\export-a5c5573606fcef89fa326b70fc16116f-bus_layout.res-folding-32a5fc10df37b58c96f5736aae34e0f7.cfg", "Properties", 0, 0, 0, 0, 0, 0, 0, 0, 2, 0, 0, 2, 4
"d:\Programming\Godot\Astra\.godot\editor\export-a5ce70cc93dd73af40ced81654e936c3-4001.res-folding-199793d18a3cb6d4369b4b56648454fa.cfg", "Properties", 0, 0, 0, 0, 0, 0, 0, 0, 2, 0, 0, 2, 4
"d:\Programming\Godot\Astra\.godot\editor\export-a7c86fa08b3366dae570f94212a1fe58-InteractRangeHitbox.res-folding-ae992c98cc80f05e4b3dd2bc20bc3493.cfg", "Properties", 0, 0, 0, 0, 0, 0, 0, 0, 2, 0, 0, 2, 4
"d:\Programming\Godot\Astra\.godot\editor\export-a88a0292fb7f12bc172e4327d597014a-Thruster.scn-folding-e4ee20dfab9a4875c7a4c9234a3359fb.cfg", "Properties", 0, 0, 0, 0, 0, 0, 0, 0, 2, 0, 0, 2, 4
"d:\Programming\Godot\Astra\.godot\editor\export-af315ef2884b8fe52820f07c725e04ce-3.res-folding-cf7bf50493680bced13e0447620dc1aa.cfg", "Properties", 0, 0, 0, 0, 0, 0, 0, 0, 2, 0, 0, 2, 4
"d:\Programming\Godot\Astra\.godot\editor\export-ba10b6bf9b68ff95e16c5bbd546b3ea2-Credits.scn-folding-f56bfe21983bb1b316e5712b830ec618.cfg", "Properties", 0, 0, 0, 0, 0, 0, 0, 0, 2, 0, 0, 2, 4
"d:\Programming\Godot\Astra\.godot\editor\export-c299ef7f092f58f06bb0b5717c3aeaa9-MenuTheme.res-folding-3f8744f97f82a1b431236e5dec679662.cfg", "Properties", 0, 0, 0, 0, 0, 0, 0, 0, 2, 0, 0, 2, 4
"d:\Programming\Godot\Astra\.godot\editor\export-c66ca9adccb575bddabad42984d7fed5-Menu.scn-folding-b5d604e5bd8ec803a555b5367edf3f66.cfg", "Properties", 0, 0, 0, 0, 0, 0, 0, 0, 2, 0, 0, 2, 4
"d:\Programming\Godot\Astra\.godot\editor\export-c9e963371d612d73a268e0ac707648d2-6.res-folding-8fe1404c58f6aa042983ac752d6ec807.cfg", "Properties", 0, 0, 0, 0, 0, 0, 0, 0, 2, 0, 0, 2, 4
"d:\Programming\Godot\Astra\.godot\editor\export-cb4246e4cdc6dbec653fbb351cc4b51c-Helm.scn-folding-418ae0a535e3f874e68487d4b1d65c9d.cfg", "Properties", 0, 0, 0, 0, 0, 0, 0, 0, 2, 0, 0, 2, 4
"d:\Programming\Godot\Astra\.godot\editor\export-d0510586fb9684b00f911ab2373b9ee8-Bear.res-folding-ed4b6b7369e7f830d2da15f888657201.cfg", "Properties", 0, 0, 0, 0, 0, 0, 0, 0, 2, 0, 0, 2, 4
"d:\Programming\Godot\Astra\.godot\editor\export-d0c114624c80e5b7df7a602709525c83-Kl94.res-folding-ceb3f94887d2da98ad1429796cb1f497.cfg", "Properties", 0, 0, 0, 0, 0, 0, 0, 0, 2, 0, 0, 2, 4
"d:\Programming\Godot\Astra\.godot\editor\export-d3793151e27d39c66b194b2aeee2dd4c-HideInShadowMaterial.res-folding-326e7d051ae212f97739f266492025c5.cfg", "Properties", 0, 0, 0, 0, 0, 0, 0, 0, 2, 0, 0, 2, 4
"d:\Programming\Godot\Astra\.godot\editor\export-d4476558fb7d2cd95a193d75ae6a7f44-Core.scn-folding-8bf68cb27a0741ff23a953cdf784c08b.cfg", "Properties", 0, 0, 0, 0, 0, 0, 0, 0, 2, 0, 0, 2, 4
"d:\Programming\Godot\Astra\.godot\editor\export-d6aa1543c9f6a6281d27ba0ff19154d0-Coin.res-folding-4edc0b3694b38533ec4526f3697d5cf7.cfg", "Properties", 0, 0, 0, 0, 0, 0, 0, 0, 2, 0, 0, 2, 4
"d:\Programming\Godot\Astra\.godot\editor\export-d7591606e72cdf4869630d5beb88e8c0-thruster.res-folding-16b94562fa83e45297690519dea65d2a.cfg", "Properties", 0, 0, 0, 0, 0, 0, 0, 0, 2, 0, 0, 2, 4
"d:\Programming\Godot\Astra\.godot\editor\export-d9195ebd65e74d57205dcc65ef871100-Chip.res-folding-2e9a982445c9d5e40c81f34538abd9ef.cfg", "Properties", 0, 0, 0, 0, 0, 0, 0, 0, 2, 0, 0, 2, 4
"d:\Programming\Godot\Astra\.godot\editor\export-d9f68004b8a39e9e6d54f33e7bfae7b9-Door.scn-folding-4d4975c4c33fd38679e4e72fe921e424.cfg", "Properties", 0, 0, 0, 0, 0, 0, 0, 0, 2, 0, 0, 2, 4
"d:\Programming\Godot\Astra\.godot\editor\export-da1fe775029f94f1b37d28c0994d1a8f-Editor.scn-folding-41ce0166b816e0f88153d324101ffbcb.cfg", "Properties", 0, 0, 0, 0, 0, 0, 0, 0, 2, 0, 0, 2, 4
"d:\Programming\Godot\Astra\.godot\editor\export-e27d51d6178eda73c44ead68e2771078-Canon.scn-folding-6cb3d8a55992ffa2eb94ee0a35ee8a64.cfg", "Properties", 0, 0, 0, 0, 0, 0, 0, 0, 2, 0, 0, 2, 4
"d:\Programming\Godot\Astra\.godot\editor\export-e3f3c13958299d5b5fecbaa27d1b1bdf-Player.scn-folding-86dc7912b9ae6db7087d4916ff0fc85b.cfg", "Properties", 0, 0, 0, 0, 0, 0, 0, 0, 2, 0, 0, 2, 4
"d:\Programming\Godot\Astra\.godot\editor\export-e97f06245f149d9a59e7e545e060843b-1.res-folding-2d067b070159dcc7d5d6c4c4524578d5.cfg", "Properties", 0, 0, 0, 0, 0, 0, 0, 0, 2, 0, 0, 2, 4
"d:\Programming\Godot\Astra\.godot\editor\export-ea373b87cef15c7f6e64af42a2fff653-Compass.res-folding-dc77b8052495e71162efe211914b0d7b.cfg", "Properties", 0, 0, 0, 0, 0, 0, 0, 0, 2, 0, 0, 2, 4
"d:\Programming\Godot\Astra\.godot\editor\export-ee06c3d15d959ba8fedbb7bdfc9c2ed9-Vape.res-folding-ad516775ca032cc22f88b1b1cd2211a7.cfg", "Properties", 0, 0, 0, 0, 0, 0, 0, 0, 2, 0, 0, 2, 4
"d:\Programming\Godot\Astra\.godot\editor\export-f1cdbaafd08d93b3fb85c630aa0c5aad-InteractRangeHitbox.res-folding-7e440a3f10fd6061be2aad01917285f9.cfg", "Properties", 0, 0, 0, 0, 0, 0, 0, 0, 2, 0, 0, 2, 4
"d:\Programming\Godot\Astra\.godot\editor\export-f216d4757f564bc1c05d5953daf0e357-Builder.scn-folding-64d27dd4a84f6a67a450b9f066debc0e.cfg", "Properties", 0, 0, 0, 0, 0, 0, 0, 0, 2, 0, 0, 2, 4
"d:\Programming\Godot\Astra\.godot\editor\export-ff95f9b9d10710a67b01c9763ce50416-Floor.scn-folding-dc8673bd12a5e3da229b5adfa7ff87da.cfg", "Properties", 0, 0, 0, 0, 0, 0, 0, 0, 2, 0, 0, 2, 4
"d:\Programming\Godot\Astra\.godot\editor\floor.tres-folding-14729f899484ef63079d06a734959d30.cfg", "Properties", 0, 0, 0, 0, 0, 0, 0, 0, 2, 0, 0, 2, 4
"d:\Programming\Godot\Astra\.godot\editor\helm.tres-folding-40c2fe33e1d294306420af4aa7cc8065.cfg", "Properties", 0, 0, 0, 0, 0, 0, 0, 0, 2, 0, 0, 2, 4
"d:\Programming\Godot\Astra\.godot\editor\humming.wav-719be93318e0b4a5d581e84eea4453f4.sample-folding-c7adfb56fa4a2ea938fafffee138d6ea.cfg", "Properties", 0, 0, 0, 0, 0, 0, 0, 0, 2, 0, 0, 2, 4
"d:\Programming\Godot\Astra\.godot\editor\item.tres-folding-a5ba41e01e0e7bcfd690cd6e86e49c38.cfg", "Properties", 0, 0, 0, 0, 0, 0, 0, 0, 2, 0, 0, 2, 4
"d:\Programming\Godot\Astra\.godot\editor\jet.wav-21c956fffce79896c371b22ce81f066d.sample-folding-69252a526192bfff7cd50925a3c2bf44.cfg", "Properties", 0, 0, 0, 0, 0, 0, 0, 0, 2, 0, 0, 2, 4
"d:\Programming\Godot\Astra\.godot\editor\npc.tres-folding-203e22fd58f6fed1013cdaaa8a3b1851.cfg", "Properties", 0, 0, 0, 0, 0, 0, 0, 0, 2, 0, 0, 2, 4
"d:\Programming\Godot\Astra\.godot\editor\picked_up.wav-f5233eb46eb66f2c4422eefac238f6a6.sample-folding-74c004e51be6f7c32dae2f28cfa42772.cfg", "Properties", 0, 0, 0, 0, 0, 0, 0, 0, 2, 0, 0, 2, 4
"d:\Programming\Godot\Astra\.godot\editor\project_metadata.cfg", "Properties", 0, 0, 0, 0, 0, 0, 0, 0, 74, 0, 0, 26, 100
"d:\Programming\Godot\Astra\.godot\editor\quest_finished.mp3-d4bef35e25569146c4da9da82499a5c0.mp3str-folding-11370b133150056e5c0adc3f84bfc6ad.cfg", "Properties", 0, 0, 0, 0, 0, 0, 0, 0, 2, 0, 0, 2, 4
"d:\Programming\Godot\Astra\.godot\editor\save_file.tres-folding-4cc19776963d59b66a34e5d17e734d87.cfg", "Properties", 0, 0, 0, 0, 0, 0, 0, 0, 2, 0, 0, 2, 4
"d:\Programming\Godot\Astra\.godot\editor\script_editor_cache.cfg", "Properties", 0, 0, 0, 0, 0, 0, 0, 0, 452, 0, 0, 74, 526
"d:\Programming\Godot\Astra\.godot\editor\side_jet.mp3-c6b6781495950e12da6c178b5c1b2c35.mp3str-folding-bfc9fa5f40e3029d4f964855fc7abc35.cfg", "Properties", 0, 0, 0, 0, 0, 0, 0, 0, 2, 0, 0, 2, 4
"d:\Programming\Godot\Astra\.godot\editor\test.tres-folding-575022c21c14f08f3384a106fd47a8f7.cfg", "Properties", 0, 0, 0, 0, 0, 0, 0, 0, 2, 0, 0, 2, 4
"d:\Programming\Godot\Astra\.godot\editor\thruster.tres-folding-d7591606e72cdf4869630d5beb88e8c0.cfg", "Properties", 0, 0, 0, 0, 0, 0, 0, 0, 2, 0, 0, 2, 4
"d:\Programming\Godot\Astra\.godot\editor\walk.ogg-32121208a8f13ee5c2e361a844084674.oggvorbisstr-folding-90b13d9787299b6dc84300e44d6aca48.cfg", "Properties", 0, 0, 0, 0, 0, 0, 0, 0, 2, 0, 0, 2, 4
"d:\Programming\Godot\Astra\.godot\editor\wall.tres-folding-8f995176c669af154fc67ad928cdbdcd.cfg", "Properties", 0, 0, 0, 0, 0, 0, 0, 0, 2, 0, 0, 2, 4
"d:\Programming\Godot\Astra\.godot\export_credentials.cfg", "Properties", 0, 0, 0, 0, 0, 0, 0, 0, 6, 0, 0, 4, 10
"d:\Programming\Godot\Astra\.godot\global_script_class_cache.cfg", "Properties", 0, 0, 0, 0, 0, 0, 0, 0, 369, 0, 0, 1, 370
"d:\Programming\Godot\Astra\.godot\mono\temp\bin\Debug\Astra.deps.json", "JSON", 0, 0, 0, 0, 0, 60, 0, 0, 0, 0, 0, 0, 60
"d:\Programming\Godot\Astra\.godot\mono\temp\bin\Debug\Astra.runtimeconfig.json", "JSON", 0, 0, 0, 0, 0, 13, 0, 0, 0, 0, 0, 0, 13
"d:\Programming\Godot\Astra\.godot\mono\temp\obj\Astra.csproj.nuget.dgspec.json", "JSON", 0, 0, 0, 0, 0, 105, 0, 0, 0, 0, 0, 0, 105
"d:\Programming\Godot\Astra\.godot\mono\temp\obj\Astra.csproj.nuget.g.props", "XML", 0, 0, 0, 0, 0, 0, 19, 0, 0, 0, 0, 0, 19
"d:\Programming\Godot\Astra\.godot\mono\temp\obj\Astra.csproj.nuget.g.targets", "XML", 0, 0, 0, 0, 0, 0, 2, 0, 0, 0, 0, 0, 2
"d:\Programming\Godot\Astra\.godot\mono\temp\obj\Debug\.NETCoreApp,Version=v6.0.AssemblyAttributes.cs", "C#", 0, 0, 0, 0, 0, 0, 0, 0, 0, 3, 1, 1, 5
"d:\Programming\Godot\Astra\.godot\mono\temp\obj\Debug\.NETCoreApp,Version=v8.0.AssemblyAttributes.cs", "C#", 0, 0, 0, 0, 0, 0, 0, 0, 0, 3, 1, 1, 5
"d:\Programming\Godot\Astra\.godot\mono\temp\obj\Debug\Astra.AssemblyInfo.cs", "C#", 0, 0, 0, 0, 0, 0, 0, 0, 0, 9, 9, 5, 23
"d:\Programming\Godot\Astra\.godot\mono\temp\obj\Debug\Astra.GeneratedMSBuildEditorConfig.editorconfig", "Properties", 0, 0, 0, 0, 0, 0, 0, 0, 22, 0, 0, 1, 23
"d:\Programming\Godot\Astra\.godot\mono\temp\obj\Debug\Astra.sourcelink.json", "JSON", 0, 0, 0, 0, 0, 1, 0, 0, 0, 0, 0, 0, 1
"d:\Programming\Godot\Astra\.godot\mono\temp\obj\project.assets.json", "JSON", 0, 0, 0, 0, 0, 191, 0, 0, 0, 0, 0, 0, 191
"d:\Programming\Godot\Astra\.godot\scene_groups_cache.cfg", "Properties", 0, 0, 0, 0, 0, 0, 0, 0, 8, 0, 0, 8, 16
"d:\Programming\Godot\Astra\.vs\ProjectSettings.json", "JSON", 0, 0, 0, 0, 0, 3, 0, 0, 0, 0, 0, 0, 3
"d:\Programming\Godot\Astra\.vs\VSWorkspaceState.json", "JSON", 0, 0, 0, 0, 0, 8, 0, 0, 0, 0, 0, 0, 8
"d:\Programming\Godot\Astra\Astra.csproj", "XML", 0, 0, 0, 0, 0, 0, 6, 0, 0, 0, 0, 0, 6
"d:\Programming\Godot\Astra\Backgrounds\Background.gd", "GDScript", 0, 9, 0, 0, 0, 0, 0, 0, 0, 0, 0, 5, 14
"d:\Programming\Godot\Astra\Backgrounds\BackgroundShader.gdshader", "gdshader", 0, 0, 8, 0, 0, 0, 0, 0, 0, 0, 1, 3, 12
"d:\Programming\Godot\Astra\Backgrounds\Credits.gd", "GDScript", 0, 4, 0, 0, 0, 0, 0, 0, 0, 0, 0, 2, 6
"d:\Programming\Godot\Astra\Backgrounds\closer_bodies.png.import", "GDResource", 29, 0, 0, 0, 0, 0, 0, 0, 0, 0, 0, 6, 35
"d:\Programming\Godot\Astra\Backgrounds\further_bodies.png.import", "GDResource", 29, 0, 0, 0, 0, 0, 0, 0, 0, 0, 0, 6, 35
"d:\Programming\Godot\Astra\Character\Character.gd", "GDScript", 0, 44, 0, 0, 0, 0, 0, 0, 0, 0, 0, 23, 67
"d:\Programming\Godot\Astra\Character\NPC\NPC.gd", "GDScript", 0, 194, 0, 0, 0, 0, 0, 0, 0, 0, 4, 50, 248
"d:\Programming\Godot\Astra\Character\NPC\NPC.tscn", "GDScene", 0, 0, 0, 80, 0, 0, 0, 0, 0, 0, 0, 20, 100
"d:\Programming\Godot\Astra\Character\NPC\NPCSaveFile.gd", "GDScript", 0, 24, 0, 0, 0, 0, 0, 0, 0, 0, 0, 8, 32
"d:\Programming\Godot\Astra\Character\NPC\NPCSprite.gd", "GDScript", 0, 29, 0, 0, 0, 0, 0, 0, 0, 0, 0, 8, 37
"d:\Programming\Godot\Astra\Character\NPC\NPCSprite.tscn", "GDScene", 0, 0, 0, 183, 0, 0, 0, 0, 0, 0, 0, 17, 200
"d:\Programming\Godot\Astra\Character\NPC\animations\boots.png.import", "GDResource", 29, 0, 0, 0, 0, 0, 0, 0, 0, 0, 0, 6, 35
"d:\Programming\Godot\Astra\Character\NPC\animations\death\0.png.import", "GDResource", 29, 0, 0, 0, 0, 0, 0, 0, 0, 0, 0, 6, 35
"d:\Programming\Godot\Astra\Character\NPC\animations\death\00.png.import", "GDResource", 29, 0, 0, 0, 0, 0, 0, 0, 0, 0, 0, 6, 35
"d:\Programming\Godot\Astra\Character\NPC\animations\death\01.png.import", "GDResource", 29, 0, 0, 0, 0, 0, 0, 0, 0, 0, 0, 6, 35
"d:\Programming\Godot\Astra\Character\NPC\animations\death\02.png.import", "GDResource", 29, 0, 0, 0, 0, 0, 0, 0, 0, 0, 0, 6, 35
"d:\Programming\Godot\Astra\Character\NPC\animations\death\03.png.import", "GDResource", 29, 0, 0, 0, 0, 0, 0, 0, 0, 0, 0, 6, 35
"d:\Programming\Godot\Astra\Character\NPC\animations\death\04.png.import", "GDResource", 29, 0, 0, 0, 0, 0, 0, 0, 0, 0, 0, 6, 35
"d:\Programming\Godot\Astra\Character\NPC\animations\death\1.png.import", "GDResource", 29, 0, 0, 0, 0, 0, 0, 0, 0, 0, 0, 6, 35
"d:\Programming\Godot\Astra\Character\NPC\animations\death\2.png.import", "GDResource", 29, 0, 0, 0, 0, 0, 0, 0, 0, 0, 0, 6, 35
"d:\Programming\Godot\Astra\Character\NPC\animations\eyes.png.import", "GDResource", 29, 0, 0, 0, 0, 0, 0, 0, 0, 0, 0, 6, 35
"d:\Programming\Godot\Astra\Character\NPC\animations\hair.png.import", "GDResource", 29, 0, 0, 0, 0, 0, 0, 0, 0, 0, 0, 6, 35
"d:\Programming\Godot\Astra\Character\NPC\animations\hair1.png.import", "GDResource", 29, 0, 0, 0, 0, 0, 0, 0, 0, 0, 0, 6, 35
"d:\Programming\Godot\Astra\Character\NPC\animations\hair2.png.import", "GDResource", 29, 0, 0, 0, 0, 0, 0, 0, 0, 0, 0, 6, 35
"d:\Programming\Godot\Astra\Character\NPC\animations\hair3.png.import", "GDResource", 29, 0, 0, 0, 0, 0, 0, 0, 0, 0, 0, 6, 35
"d:\Programming\Godot\Astra\Character\NPC\animations\hair4.png.import", "GDResource", 29, 0, 0, 0, 0, 0, 0, 0, 0, 0, 0, 6, 35
"d:\Programming\Godot\Astra\Character\NPC\animations\hair5.png.import", "GDResource", 29, 0, 0, 0, 0, 0, 0, 0, 0, 0, 0, 6, 35
"d:\Programming\Godot\Astra\Character\NPC\animations\hair6.png.import", "GDResource", 29, 0, 0, 0, 0, 0, 0, 0, 0, 0, 0, 6, 35
"d:\Programming\Godot\Astra\Character\NPC\animations\idle\0.png.import", "GDResource", 29, 0, 0, 0, 0, 0, 0, 0, 0, 0, 0, 6, 35
"d:\Programming\Godot\Astra\Character\NPC\animations\idle\1.png.import", "GDResource", 29, 0, 0, 0, 0, 0, 0, 0, 0, 0, 0, 6, 35
"d:\Programming\Godot\Astra\Character\NPC\animations\idle\boots.png.import", "GDResource", 29, 0, 0, 0, 0, 0, 0, 0, 0, 0, 0, 6, 35
"d:\Programming\Godot\Astra\Character\NPC\animations\idle\eyes.png.import", "GDResource", 29, 0, 0, 0, 0, 0, 0, 0, 0, 0, 0, 6, 35
"d:\Programming\Godot\Astra\Character\NPC\animations\idle\hair.png.import", "GDResource", 29, 0, 0, 0, 0, 0, 0, 0, 0, 0, 0, 6, 35
"d:\Programming\Godot\Astra\Character\NPC\animations\idle\legs.png.import", "GDResource", 29, 0, 0, 0, 0, 0, 0, 0, 0, 0, 0, 6, 35
"d:\Programming\Godot\Astra\Character\NPC\animations\idle\skin.png.import", "GDResource", 29, 0, 0, 0, 0, 0, 0, 0, 0, 0, 0, 6, 35
"d:\Programming\Godot\Astra\Character\NPC\animations\idle\torso.png.import", "GDResource", 29, 0, 0, 0, 0, 0, 0, 0, 0, 0, 0, 6, 35
"d:\Programming\Godot\Astra\Character\NPC\animations\legs.png.import", "GDResource", 29, 0, 0, 0, 0, 0, 0, 0, 0, 0, 0, 6, 35
"d:\Programming\Godot\Astra\Character\NPC\animations\skin.png.import", "GDResource", 29, 0, 0, 0, 0, 0, 0, 0, 0, 0, 0, 6, 35
"d:\Programming\Godot\Astra\Character\NPC\animations\torso.png.import", "GDResource", 29, 0, 0, 0, 0, 0, 0, 0, 0, 0, 0, 6, 35
"d:\Programming\Godot\Astra\Character\NPC\animations\walkdown\0.png.import", "GDResource", 29, 0, 0, 0, 0, 0, 0, 0, 0, 0, 0, 6, 35
"d:\Programming\Godot\Astra\Character\NPC\animations\walkdown\1.png.import", "GDResource", 29, 0, 0, 0, 0, 0, 0, 0, 0, 0, 0, 6, 35
"d:\Programming\Godot\Astra\Character\NPC\animations\walkdown\2.png.import", "GDResource", 29, 0, 0, 0, 0, 0, 0, 0, 0, 0, 0, 6, 35
"d:\Programming\Godot\Astra\Character\NPC\animations\walkdown\3.png.import", "GDResource", 29, 0, 0, 0, 0, 0, 0, 0, 0, 0, 0, 6, 35
"d:\Programming\Godot\Astra\Character\NPC\animations\walkdown\4.png.import", "GDResource", 29, 0, 0, 0, 0, 0, 0, 0, 0, 0, 0, 6, 35
"d:\Programming\Godot\Astra\Character\NPC\animations\walkdown\maya\1.png.import", "GDResource", 29, 0, 0, 0, 0, 0, 0, 0, 0, 0, 0, 6, 35
"d:\Programming\Godot\Astra\Character\NPC\animations\walkdown\maya\2.png.import", "GDResource", 29, 0, 0, 0, 0, 0, 0, 0, 0, 0, 0, 6, 35
"d:\Programming\Godot\Astra\Character\NPC\animations\walkdown\maya\3.png.import", "GDResource", 29, 0, 0, 0, 0, 0, 0, 0, 0, 0, 0, 6, 35
"d:\Programming\Godot\Astra\Character\NPC\animations\walkdown\maya\4.png.import", "GDResource", 29, 0, 0, 0, 0, 0, 0, 0, 0, 0, 0, 6, 35
"d:\Programming\Godot\Astra\Character\NPC\animations\walkdown\original\1.png.import", "GDResource", 29, 0, 0, 0, 0, 0, 0, 0, 0, 0, 0, 6, 35
"d:\Programming\Godot\Astra\Character\NPC\animations\walkdown\original\2.png.import", "GDResource", 29, 0, 0, 0, 0, 0, 0, 0, 0, 0, 0, 6, 35
"d:\Programming\Godot\Astra\Character\NPC\animations\walkdown\original\3.png.import", "GDResource", 29, 0, 0, 0, 0, 0, 0, 0, 0, 0, 0, 6, 35
"d:\Programming\Godot\Astra\Character\NPC\animations\walkdown\original\4.png.import", "GDResource", 29, 0, 0, 0, 0, 0, 0, 0, 0, 0, 0, 6, 35
"d:\Programming\Godot\Astra\Character\NPC\animations\walkside\0.png.import", "GDResource", 29, 0, 0, 0, 0, 0, 0, 0, 0, 0, 0, 6, 35
"d:\Programming\Godot\Astra\Character\NPC\animations\walkside\1.png.import", "GDResource", 29, 0, 0, 0, 0, 0, 0, 0, 0, 0, 0, 6, 35
"d:\Programming\Godot\Astra\Character\NPC\animations\walkside\2.png.import", "GDResource", 29, 0, 0, 0, 0, 0, 0, 0, 0, 0, 0, 6, 35
"d:\Programming\Godot\Astra\Character\NPC\animations\walkside\3.png.import", "GDResource", 29, 0, 0, 0, 0, 0, 0, 0, 0, 0, 0, 6, 35
"d:\Programming\Godot\Astra\Character\NPC\animations\walkside\4.png.import", "GDResource", 29, 0, 0, 0, 0, 0, 0, 0, 0, 0, 0, 6, 35
"d:\Programming\Godot\Astra\Character\NPC\animations\walkside\5.png.import", "GDResource", 29, 0, 0, 0, 0, 0, 0, 0, 0, 0, 0, 6, 35
"d:\Programming\Godot\Astra\Character\NPC\animations\walkside\6.png.import", "GDResource", 29, 0, 0, 0, 0, 0, 0, 0, 0, 0, 0, 6, 35
"d:\Programming\Godot\Astra\Character\NPC\animations\walkside\7.png.import", "GDResource", 29, 0, 0, 0, 0, 0, 0, 0, 0, 0, 0, 6, 35
"d:\Programming\Godot\Astra\Character\NPC\animations\walkup\0.png.import", "GDResource", 29, 0, 0, 0, 0, 0, 0, 0, 0, 0, 0, 6, 35
"d:\Programming\Godot\Astra\Character\NPC\animations\walkup\1.png.import", "GDResource", 29, 0, 0, 0, 0, 0, 0, 0, 0, 0, 0, 6, 35
"d:\Programming\Godot\Astra\Character\NPC\animations\walkup\2.png.import", "GDResource", 29, 0, 0, 0, 0, 0, 0, 0, 0, 0, 0, 6, 35
"d:\Programming\Godot\Astra\Character\NPC\animations\walkup\3.png.import", "GDResource", 29, 0, 0, 0, 0, 0, 0, 0, 0, 0, 0, 6, 35
"d:\Programming\Godot\Astra\Character\NPC\animations\walkup\4.png.import", "GDResource", 29, 0, 0, 0, 0, 0, 0, 0, 0, 0, 0, 6, 35
"d:\Programming\Godot\Astra\Character\Player\Player.gd", "GDScript", 0, 278, 0, 0, 0, 0, 0, 0, 0, 0, 30, 108, 416
"d:\Programming\Godot\Astra\Character\Player\Player.tscn", "GDScene", 0, 0, 0, 250, 0, 0, 0, 0, 0, 0, 0, 27, 277
"d:\Programming\Godot\Astra\Character\Player\PlayerSaveFile.gd", "GDScript", 0, 29, 0, 0, 0, 0, 0, 0, 0, 0, 0, 14, 43
"d:\Programming\Godot\Astra\Character\Player\UVmap.png.import", "GDResource", 29, 0, 0, 0, 0, 0, 0, 0, 0, 0, 0, 6, 35
"d:\Programming\Godot\Astra\Character\Player\animations\death\0.png.import", "GDResource", 29, 0, 0, 0, 0, 0, 0, 0, 0, 0, 0, 6, 35
"d:\Programming\Godot\Astra\Character\Player\animations\death\00.png.import", "GDResource", 29, 0, 0, 0, 0, 0, 0, 0, 0, 0, 0, 6, 35
"d:\Programming\Godot\Astra\Character\Player\animations\death\01.png.import", "GDResource", 29, 0, 0, 0, 0, 0, 0, 0, 0, 0, 0, 6, 35
"d:\Programming\Godot\Astra\Character\Player\animations\death\02.png.import", "GDResource", 29, 0, 0, 0, 0, 0, 0, 0, 0, 0, 0, 6, 35
"d:\Programming\Godot\Astra\Character\Player\animations\death\03.png.import", "GDResource", 29, 0, 0, 0, 0, 0, 0, 0, 0, 0, 0, 6, 35
"d:\Programming\Godot\Astra\Character\Player\animations\death\04.png.import", "GDResource", 29, 0, 0, 0, 0, 0, 0, 0, 0, 0, 0, 6, 35
"d:\Programming\Godot\Astra\Character\Player\animations\death\1.png.import", "GDResource", 29, 0, 0, 0, 0, 0, 0, 0, 0, 0, 0, 6, 35
"d:\Programming\Godot\Astra\Character\Player\animations\death\2.png.import", "GDResource", 29, 0, 0, 0, 0, 0, 0, 0, 0, 0, 0, 6, 35
"d:\Programming\Godot\Astra\Character\Player\animations\idle\0.png.import", "GDResource", 29, 0, 0, 0, 0, 0, 0, 0, 0, 0, 0, 6, 35
"d:\Programming\Godot\Astra\Character\Player\animations\idle\1.png.import", "GDResource", 29, 0, 0, 0, 0, 0, 0, 0, 0, 0, 0, 6, 35
"d:\Programming\Godot\Astra\Character\Player\animations\idle\character.png.import", "GDResource", 29, 0, 0, 0, 0, 0, 0, 0, 0, 0, 0, 6, 35
"d:\Programming\Godot\Astra\Character\Player\animations\walkdown\0.png.import", "GDResource", 29, 0, 0, 0, 0, 0, 0, 0, 0, 0, 0, 6, 35
"d:\Programming\Godot\Astra\Character\Player\animations\walkdown\1.png.import", "GDResource", 29, 0, 0, 0, 0, 0, 0, 0, 0, 0, 0, 6, 35
"d:\Programming\Godot\Astra\Character\Player\animations\walkdown\2.png.import", "GDResource", 29, 0, 0, 0, 0, 0, 0, 0, 0, 0, 0, 6, 35
"d:\Programming\Godot\Astra\Character\Player\animations\walkdown\3.png.import", "GDResource", 29, 0, 0, 0, 0, 0, 0, 0, 0, 0, 0, 6, 35
"d:\Programming\Godot\Astra\Character\Player\animations\walkdown\4.png.import", "GDResource", 29, 0, 0, 0, 0, 0, 0, 0, 0, 0, 0, 6, 35
"d:\Programming\Godot\Astra\Character\Player\animations\walkdown\5.png.import", "GDResource", 29, 0, 0, 0, 0, 0, 0, 0, 0, 0, 0, 6, 35
"d:\Programming\Godot\Astra\Character\Player\animations\walkdown\6.png.import", "GDResource", 29, 0, 0, 0, 0, 0, 0, 0, 0, 0, 0, 6, 35
"d:\Programming\Godot\Astra\Character\Player\animations\walkdown\7.png.import", "GDResource", 29, 0, 0, 0, 0, 0, 0, 0, 0, 0, 0, 6, 35
"d:\Programming\Godot\Astra\Character\Player\animations\walkdown\maya\1.png.import", "GDResource", 29, 0, 0, 0, 0, 0, 0, 0, 0, 0, 0, 6, 35
"d:\Programming\Godot\Astra\Character\Player\animations\walkdown\maya\2.png.import", "GDResource", 29, 0, 0, 0, 0, 0, 0, 0, 0, 0, 0, 6, 35
"d:\Programming\Godot\Astra\Character\Player\animations\walkdown\maya\3.png.import", "GDResource", 29, 0, 0, 0, 0, 0, 0, 0, 0, 0, 0, 6, 35
"d:\Programming\Godot\Astra\Character\Player\animations\walkdown\maya\4.png.import", "GDResource", 29, 0, 0, 0, 0, 0, 0, 0, 0, 0, 0, 6, 35
"d:\Programming\Godot\Astra\Character\Player\animations\walkdown\original\1.png.import", "GDResource", 29, 0, 0, 0, 0, 0, 0, 0, 0, 0, 0, 6, 35
"d:\Programming\Godot\Astra\Character\Player\animations\walkdown\original\2.png.import", "GDResource", 29, 0, 0, 0, 0, 0, 0, 0, 0, 0, 0, 6, 35
"d:\Programming\Godot\Astra\Character\Player\animations\walkdown\original\3.png.import", "GDResource", 29, 0, 0, 0, 0, 0, 0, 0, 0, 0, 0, 6, 35
"d:\Programming\Godot\Astra\Character\Player\animations\walkdown\original\4.png.import", "GDResource", 29, 0, 0, 0, 0, 0, 0, 0, 0, 0, 0, 6, 35
"d:\Programming\Godot\Astra\Character\Player\animations\walkside\0.png.import", "GDResource", 29, 0, 0, 0, 0, 0, 0, 0, 0, 0, 0, 6, 35
"d:\Programming\Godot\Astra\Character\Player\animations\walkside\1.png.import", "GDResource", 29, 0, 0, 0, 0, 0, 0, 0, 0, 0, 0, 6, 35
"d:\Programming\Godot\Astra\Character\Player\animations\walkside\2.png.import", "GDResource", 29, 0, 0, 0, 0, 0, 0, 0, 0, 0, 0, 6, 35
"d:\Programming\Godot\Astra\Character\Player\animations\walkside\3.png.import", "GDResource", 29, 0, 0, 0, 0, 0, 0, 0, 0, 0, 0, 6, 35
"d:\Programming\Godot\Astra\Character\Player\animations\walkside\4.png.import", "GDResource", 29, 0, 0, 0, 0, 0, 0, 0, 0, 0, 0, 6, 35
"d:\Programming\Godot\Astra\Character\Player\animations\walkside\5.png.import", "GDResource", 29, 0, 0, 0, 0, 0, 0, 0, 0, 0, 0, 6, 35
"d:\Programming\Godot\Astra\Character\Player\animations\walkside\6.png.import", "GDResource", 29, 0, 0, 0, 0, 0, 0, 0, 0, 0, 0, 6, 35
"d:\Programming\Godot\Astra\Character\Player\animations\walkside\7.png.import", "GDResource", 29, 0, 0, 0, 0, 0, 0, 0, 0, 0, 0, 6, 35
"d:\Programming\Godot\Astra\Character\Player\animations\walkup\0.png.import", "GDResource", 29, 0, 0, 0, 0, 0, 0, 0, 0, 0, 0, 6, 35
"d:\Programming\Godot\Astra\Character\Player\animations\walkup\1.png.import", "GDResource", 29, 0, 0, 0, 0, 0, 0, 0, 0, 0, 0, 6, 35
"d:\Programming\Godot\Astra\Character\Player\animations\walkup\2.png.import", "GDResource", 29, 0, 0, 0, 0, 0, 0, 0, 0, 0, 0, 6, 35
"d:\Programming\Godot\Astra\Character\Player\animations\walkup\3.png.import", "GDResource", 29, 0, 0, 0, 0, 0, 0, 0, 0, 0, 0, 6, 35
"d:\Programming\Godot\Astra\Character\Player\animations\walkup\4.png.import", "GDResource", 29, 0, 0, 0, 0, 0, 0, 0, 0, 0, 0, 6, 35
"d:\Programming\Godot\Astra\Character\Player\animations\walkup\5.png.import", "GDResource", 29, 0, 0, 0, 0, 0, 0, 0, 0, 0, 0, 6, 35
"d:\Programming\Godot\Astra\Character\Player\animations\walkup\6.png.import", "GDResource", 29, 0, 0, 0, 0, 0, 0, 0, 0, 0, 0, 6, 35
"d:\Programming\Godot\Astra\Character\Player\animations\walkup\7.png.import", "GDResource", 29, 0, 0, 0, 0, 0, 0, 0, 0, 0, 0, 6, 35
"d:\Programming\Godot\Astra\Character\Player\sounds\walk.ogg.import", "GDResource", 14, 0, 0, 0, 0, 0, 0, 0, 0, 0, 0, 6, 20
"d:\Programming\Godot\Astra\Conversation\DialogManager.gd", "GDScript", 0, 58, 0, 0, 0, 0, 0, 0, 0, 0, 4, 20, 82
"d:\Programming\Godot\Astra\Conversation\Dialogs.gd", "GDScript", 0, 147, 0, 0, 0, 0, 0, 0, 0, 0, 9, 11, 167
"d:\Programming\Godot\Astra\Conversation\TextBox.gd", "GDScript", 0, 39, 0, 0, 0, 0, 0, 0, 0, 0, 1, 18, 58
"d:\Programming\Godot\Astra\Conversation\TextBox.png.import", "GDResource", 29, 0, 0, 0, 0, 0, 0, 0, 0, 0, 0, 6, 35
"d:\Programming\Godot\Astra\Conversation\TextBox.tscn", "GDScene", 0, 0, 0, 38, 0, 0, 0, 0, 0, 0, 0, 9, 47
"d:\Programming\Godot\Astra\Default.profile", "Shell Script", 0, 0, 0, 0, 0, 0, 0, 11, 0, 0, 0, 0, 11
"d:\Programming\Godot\Astra\DefaultSave\worlds\save_file.tres", "GDResource", 299, 0, 0, 0, 0, 0, 0, 0, 0, 0, 0, 32, 331
"d:\Programming\Godot\Astra\Editor\Console.gd", "GDScript", 0, 13, 0, 0, 0, 0, 0, 0, 0, 0, 0, 11, 24
"d:\Programming\Godot\Astra\Editor\Editor.gd", "GDScript", 0, 145, 0, 0, 0, 0, 0, 0, 0, 0, 33, 56, 234
"d:\Programming\Godot\Astra\Editor\EditorCamera.gd", "GDScript", 0, 30, 0, 0, 0, 0, 0, 0, 0, 0, 0, 15, 45
"d:\Programming\Godot\Astra\Editor\Inventory\Inventory.gd", "GDScript", 0, 57, 0, 0, 0, 0, 0, 0, 0, 0, 0, 11, 68
"d:\Programming\Godot\Astra\Editor\Inventory\Inventory.tscn", "GDScene", 0, 0, 0, 102, 0, 0, 0, 0, 0, 0, 0, 14, 116
"d:\Programming\Godot\Astra\Editor\Inventory\Slot.gd", "GDScript", 0, 13, 0, 0, 0, 0, 0, 0, 0, 0, 0, 4, 17
"d:\Programming\Godot\Astra\Editor\Inventory\Slot.tscn", "GDScene", 0, 0, 0, 47, 0, 0, 0, 0, 0, 0, 0, 10, 57
"d:\Programming\Godot\Astra\Editor\ShipEditor.gd", "GDScript", 0, 177, 0, 0, 0, 0, 0, 0, 0, 0, 9, 70, 256
"d:\Programming\Godot\Astra\Editor\ShipValidator.gd", "GDScript", 0, 90, 0, 0, 0, 0, 0, 0, 0, 0, 0, 23, 113
"d:\Programming\Godot\Astra\Editor\Tools\Tool.gd", "GDScript", 0, 16, 0, 0, 0, 0, 0, 0, 0, 0, 0, 10, 26
"d:\Programming\Godot\Astra\Editor\Tools\builder.tres", "GDResource", 20, 0, 0, 0, 0, 0, 0, 0, 0, 0, 0, 4, 24
"d:\Programming\Godot\Astra\Editor\Tools\connector.tres", "GDResource", 20, 0, 0, 0, 0, 0, 0, 0, 0, 0, 0, 4, 24
"d:\Programming\Godot\Astra\Editor\Tools\core.tres", "GDResource", 20, 0, 0, 0, 0, 0, 0, 0, 0, 0, 0, 4, 24
"d:\Programming\Godot\Astra\Editor\Tools\door.tres", "GDResource", 20, 0, 0, 0, 0, 0, 0, 0, 0, 0, 0, 4, 24
"d:\Programming\Godot\Astra\Editor\Tools\floor.tres", "GDResource", 20, 0, 0, 0, 0, 0, 0, 0, 0, 0, 0, 4, 24
"d:\Programming\Godot\Astra\Editor\Tools\helm.tres", "GDResource", 20, 0, 0, 0, 0, 0, 0, 0, 0, 0, 0, 4, 24
"d:\Programming\Godot\Astra\Editor\Tools\item.tres", "GDResource", 20, 0, 0, 0, 0, 0, 0, 0, 0, 0, 0, 4, 24
"d:\Programming\Godot\Astra\Editor\Tools\npc.tres", "GDResource", 20, 0, 0, 0, 0, 0, 0, 0, 0, 0, 0, 4, 24
"d:\Programming\Godot\Astra\Editor\Tools\thruster.tres", "GDResource", 20, 0, 0, 0, 0, 0, 0, 0, 0, 0, 0, 4, 24
"d:\Programming\Godot\Astra\Editor\Tools\wall.tres", "GDResource", 20, 0, 0, 0, 0, 0, 0, 0, 0, 0, 0, 4, 24
"d:\Programming\Godot\Astra\Effects\DebugTexture.png.import", "GDResource", 29, 0, 0, 0, 0, 0, 0, 0, 0, 0, 0, 6, 35
"d:\Programming\Godot\Astra\Effects\Explosion.gd", "GDScript", 0, 1, 0, 0, 0, 0, 0, 0, 0, 0, 0, 0, 1
"d:\Programming\Godot\Astra\Effects\GameShader.gdshader", "gdshader", 0, 0, 10, 0, 0, 0, 0, 0, 0, 0, 0, 5, 15
"d:\Programming\Godot\Astra\Fonts\SpaceMono-Bold.ttf.import", "GDResource", 29, 0, 0, 0, 0, 0, 0, 0, 0, 0, 0, 6, 35
"d:\Programming\Godot\Astra\Fonts\SpaceMono-BoldItalic.ttf.import", "GDResource", 29, 0, 0, 0, 0, 0, 0, 0, 0, 0, 0, 6, 35
"d:\Programming\Godot\Astra\Fonts\SpaceMono-Italic.ttf.import", "GDResource", 29, 0, 0, 0, 0, 0, 0, 0, 0, 0, 0, 6, 35
"d:\Programming\Godot\Astra\Fonts\SpaceMono-Regular.ttf.import", "GDResource", 34, 0, 0, 0, 0, 0, 0, 0, 0, 0, 0, 6, 40
"d:\Programming\Godot\Astra\Items\Item.gd", "GDScript", 0, 104, 0, 0, 0, 0, 0, 0, 0, 0, 0, 46, 150
"d:\Programming\Godot\Astra\Items\Item.tscn", "GDScene", 0, 0, 0, 60, 0, 0, 0, 0, 0, 0, 0, 11, 71
"d:\Programming\Godot\Astra\Items\ItemSaveFile.gd", "GDScript", 0, 19, 0, 0, 0, 0, 0, 0, 0, 0, 0, 7, 26
"d:\Programming\Godot\Astra\Items\ItemType.gd", "GDScript", 0, 10, 0, 0, 0, 0, 0, 0, 0, 0, 0, 2, 12
"d:\Programming\Godot\Astra\Items\ItemTypes\Bear.tres", "GDResource", 17, 0, 0, 0, 0, 0, 0, 0, 0, 0, 0, 5, 22
"d:\Programming\Godot\Astra\Items\ItemTypes\Bonbons.tres", "GDResource", 17, 0, 0, 0, 0, 0, 0, 0, 0, 0, 0, 5, 22
"d:\Programming\Godot\Astra\Items\ItemTypes\Chip.tres", "GDResource", 17, 0, 0, 0, 0, 0, 0, 0, 0, 0, 0, 5, 22
"d:\Programming\Godot\Astra\Items\ItemTypes\Coin.tres", "GDResource", 17, 0, 0, 0, 0, 0, 0, 0, 0, 0, 0, 5, 22
"d:\Programming\Godot\Astra\Items\ItemTypes\Compass.tres", "GDResource", 17, 0, 0, 0, 0, 0, 0, 0, 0, 0, 0, 5, 22
"d:\Programming\Godot\Astra\Items\ItemTypes\Disk.tres", "GDResource", 17, 0, 0, 0, 0, 0, 0, 0, 0, 0, 0, 5, 22
"d:\Programming\Godot\Astra\Items\ItemTypes\Gum.tres", "GDResource", 17, 0, 0, 0, 0, 0, 0, 0, 0, 0, 0, 5, 22
"d:\Programming\Godot\Astra\Items\ItemTypes\Kl94.tres", "GDResource", 17, 0, 0, 0, 0, 0, 0, 0, 0, 0, 0, 5, 22
"d:\Programming\Godot\Astra\Items\ItemTypes\Radio.tres", "GDResource", 17, 0, 0, 0, 0, 0, 0, 0, 0, 0, 0, 5, 22
"d:\Programming\Godot\Astra\Items\ItemTypes\Vape.tres", "GDResource", 17, 0, 0, 0, 0, 0, 0, 0, 0, 0, 0, 5, 22
"d:\Programming\Godot\Astra\Items\items_tilesheet.png.import", "GDResource", 29, 0, 0, 0, 0, 0, 0, 0, 0, 0, 0, 6, 35
"d:\Programming\Godot\Astra\Items\picked_up.wav.import", "GDResource", 19, 0, 0, 0, 0, 0, 0, 0, 0, 0, 0, 6, 25
"d:\Programming\Godot\Astra\Lighting\BlueNoise.png.import", "GDResource", 29, 0, 0, 0, 0, 0, 0, 0, 0, 0, 0, 6, 35
"d:\Programming\Godot\Astra\Lighting\light.png.import", "GDResource", 29, 0, 0, 0, 0, 0, 0, 0, 0, 0, 0, 6, 35
"d:\Programming\Godot\Astra\Lighting\light_old.png.import", "GDResource", 29, 0, 0, 0, 0, 0, 0, 0, 0, 0, 0, 6, 35
"d:\Programming\Godot\Astra\Menu.gd", "GDScript", 0, 48, 0, 0, 0, 0, 0, 0, 0, 0, 5, 21, 74
"d:\Programming\Godot\Astra\Quests\CustomSpawn\CustomObjectSpawn.gd", "GDScript", 0, 8, 0, 0, 0, 0, 0, 0, 0, 0, 0, 3, 11
"d:\Programming\Godot\Astra\Quests\CustomSpawn\ItemPreset.gd", "GDScript", 0, 8, 0, 0, 0, 0, 0, 0, 0, 0, 0, 2, 10
"d:\Programming\Godot\Astra\Quests\CustomSpawn\NPCPreset.gd", "GDScript", 0, 12, 0, 0, 0, 0, 0, 0, 0, 0, 0, 3, 15
"d:\Programming\Godot\Astra\Quests\Goal.gd", "GDScript", 0, 9, 0, 0, 0, 0, 0, 0, 0, 0, 1, 4, 14
"d:\Programming\Godot\Astra\Quests\Quest.gd", "GDScript", 0, 87, 0, 0, 0, 0, 0, 0, 0, 0, 1, 41, 129
"d:\Programming\Godot\Astra\Quests\QuestManager.gd", "GDScript", 0, 101, 0, 0, 0, 0, 0, 0, 0, 0, 4, 18, 123
"d:\Programming\Godot\Astra\Quests\QuestSaveFile.gd", "GDScript", 0, 25, 0, 0, 0, 0, 0, 0, 0, 0, 0, 20, 45
"d:\Programming\Godot\Astra\Quests\Task.gd", "GDScript", 0, 14, 0, 0, 0, 0, 0, 0, 0, 0, 5, 7, 26
"d:\Programming\Godot\Astra\Quests\TaskSaveFile.gd", "GDScript", 0, 17, 0, 0, 0, 0, 0, 0, 0, 0, 0, 10, 27
"d:\Programming\Godot\Astra\Quests\Tasks\0.tres", "GDResource", 20, 0, 0, 0, 0, 0, 0, 0, 0, 0, 0, 4, 24
"d:\Programming\Godot\Astra\Quests\Tasks\1.tres", "GDResource", 20, 0, 0, 0, 0, 0, 0, 0, 0, 0, 0, 4, 24
"d:\Programming\Godot\Astra\Quests\Tasks\2.tres", "GDResource", 20, 0, 0, 0, 0, 0, 0, 0, 0, 0, 0, 4, 24
"d:\Programming\Godot\Astra\Quests\Tasks\3.tres", "GDResource", 20, 0, 0, 0, 0, 0, 0, 0, 0, 0, 0, 4, 24
"d:\Programming\Godot\Astra\Quests\Tasks\4.tres", "GDResource", 20, 0, 0, 0, 0, 0, 0, 0, 0, 0, 0, 4, 24
"d:\Programming\Godot\Astra\Quests\Tasks\4001.tres", "GDResource", 20, 0, 0, 0, 0, 0, 0, 0, 0, 0, 0, 4, 24
"d:\Programming\Godot\Astra\Quests\Tasks\5.tres", "GDResource", 20, 0, 0, 0, 0, 0, 0, 0, 0, 0, 0, 4, 24
"d:\Programming\Godot\Astra\Quests\Tasks\5001.tres", "GDResource", 20, 0, 0, 0, 0, 0, 0, 0, 0, 0, 0, 4, 24
"d:\Programming\Godot\Astra\Quests\Tasks\6.tres", "GDResource", 20, 0, 0, 0, 0, 0, 0, 0, 0, 0, 0, 4, 24
"d:\Programming\Godot\Astra\Quests\Tasks\7.tres", "GDResource", 20, 0, 0, 0, 0, 0, 0, 0, 0, 0, 0, 4, 24
"d:\Programming\Godot\Astra\Quests\arrow.png.import", "GDResource", 29, 0, 0, 0, 0, 0, 0, 0, 0, 0, 0, 6, 35
"d:\Programming\Godot\Astra\Quests\quest_finished.mp3.import", "GDResource", 14, 0, 0, 0, 0, 0, 0, 0, 0, 0, 0, 6, 20
"d:\Programming\Godot\Astra\README.md", "Markdown", 0, 0, 0, 0, 18, 0, 0, 0, 0, 0, 0, 1, 19
"d:\Programming\Godot\Astra\Scenes\Credits.tscn", "GDScene", 0, 0, 0, 151, 0, 0, 0, 0, 0, 0, 0, 23, 174
"d:\Programming\Godot\Astra\Scenes\Editor.tscn", "GDScene", 0, 0, 0, 241, 0, 0, 0, 0, 0, 0, 0, 33, 274
"d:\Programming\Godot\Astra\Scenes\Game.tscn", "GDScene", 0, 0, 0, 415, 0, 0, 0, 0, 0, 0, 0, 58, 473
"d:\Programming\Godot\Astra\Scenes\Menu.tscn", "GDScene", 0, 0, 0, 122, 0, 0, 0, 0, 0, 0, 0, 19, 141
"d:\Programming\Godot\Astra\Scenes\Settings.tscn", "GDScene", 0, 0, 0, 128, 0, 0, 0, 0, 0, 0, 0, 18, 146
"d:\Programming\Godot\Astra\Settings.gd", "GDScript", 0, 25, 0, 0, 0, 0, 0, 0, 0, 0, 0, 15, 40
"d:\Programming\Godot\Astra\Settings\Limits.gd", "GDScript", 0, 3, 0, 0, 0, 0, 0, 0, 0, 0, 0, 4, 7
"d:\Programming\Godot\Astra\Settings\ObjectList.gd", "GDScript", 0, 19, 0, 0, 0, 0, 0, 0, 0, 0, 0, 6, 25
"d:\Programming\Godot\Astra\Settings\Options.gd", "GDScript", 0, 10, 0, 0, 0, 0, 0, 0, 0, 0, 0, 4, 14
"d:\Programming\Godot\Astra\Settings\SaveFile.gd", "GDScript", 0, 65, 0, 0, 0, 0, 0, 0, 0, 0, 2, 20, 87
"d:\Programming\Godot\Astra\Settings\World.gd", "GDScript", 0, 85, 0, 0, 0, 0, 0, 0, 0, 0, 12, 45, 142
"d:\Programming\Godot\Astra\Ship\Destroyable\crack0.png.import", "GDResource", 29, 0, 0, 0, 0, 0, 0, 0, 0, 0, 0, 6, 35
"d:\Programming\Godot\Astra\Ship\Destroyable\crack1.png.import", "GDResource", 29, 0, 0, 0, 0, 0, 0, 0, 0, 0, 0, 6, 35
"d:\Programming\Godot\Astra\Ship\Destroyable\crack2.png.import", "GDResource", 29, 0, 0, 0, 0, 0, 0, 0, 0, 0, 0, 6, 35
"d:\Programming\Godot\Astra\Ship\GridToPolygon.cs", "C#", 0, 0, 0, 0, 0, 0, 0, 0, 0, 15, 0, 2, 17
"d:\Programming\Godot\Astra\Ship\HideInShadowMaterial.tres", "GDResource", 3, 0, 0, 0, 0, 0, 0, 0, 0, 0, 0, 2, 5
"d:\Programming\Godot\Astra\Ship\InteractRangeHitbox.tres", "GDResource", 3, 0, 0, 0, 0, 0, 0, 0, 0, 0, 0, 2, 5
"d:\Programming\Godot\Astra\Ship\Interactable\InteractRangeHitbox.tres", "GDResource", 2, 0, 0, 0, 0, 0, 0, 0, 0, 0, 0, 2, 4
"d:\Programming\Godot\Astra\Ship\Interactable\InteractableShipPart.gd", "GDScript", 0, 24, 0, 0, 0, 0, 0, 0, 0, 0, 4, 12, 40
"d:\Programming\Godot\Astra\Ship\ObjectTileMap.gd", "GDScript", 0, 74, 0, 0, 0, 0, 0, 0, 0, 0, 1, 35, 110
"d:\Programming\Godot\Astra\Ship\ObjectTileMap.tres", "GDResource", 17, 0, 0, 0, 0, 0, 0, 0, 0, 0, 0, 4, 21
"d:\Programming\Godot\Astra\Ship\Objects\Builder\Builder.gd", "GDScript", 0, 35, 0, 0, 0, 0, 0, 0, 0, 0, 0, 14, 49
"d:\Programming\Godot\Astra\Ship\Objects\Builder\Builder.tscn", "GDScene", 0, 0, 0, 53, 0, 0, 0, 0, 0, 0, 0, 17, 70
"d:\Programming\Godot\Astra\Ship\Objects\Builder\deploy.mp3.import", "GDResource", 14, 0, 0, 0, 0, 0, 0, 0, 0, 0, 0, 6, 20
"d:\Programming\Godot\Astra\Ship\Objects\Helm\Helm.gd", "GDScript", 0, 21, 0, 0, 0, 0, 0, 0, 0, 0, 0, 6, 27
"d:\Programming\Godot\Astra\Ship\Objects\Helm\Helm.tscn", "GDScene", 0, 0, 0, 34, 0, 0, 0, 0, 0, 0, 0, 10, 44
"d:\Programming\Godot\Astra\Ship\Ship.gd", "GDScript", 0, 180, 0, 0, 0, 0, 0, 0, 0, 0, 30, 84, 294
"d:\Programming\Godot\Astra\Ship\Ship.gdshader", "gdshader", 0, 0, 31, 0, 0, 0, 0, 0, 0, 0, 0, 4, 35
"d:\Programming\Godot\Astra\Ship\Ship.tscn", "GDScene", 0, 0, 0, 56, 0, 0, 0, 0, 0, 0, 0, 15, 71
"d:\Programming\Godot\Astra\Ship\ShipManager.gd", "GDScript", 0, 42, 0, 0, 0, 0, 0, 0, 0, 0, 10, 20, 72
"d:\Programming\Godot\Astra\Ship\ShipPartScript.gd", "GDScript", 0, 29, 0, 0, 0, 0, 0, 0, 0, 0, 0, 15, 44
"d:\Programming\Godot\Astra\Ship\ShipSaveFile.gd", "GDScript", 0, 37, 0, 0, 0, 0, 0, 0, 0, 0, 1, 15, 53
"d:\Programming\Godot\Astra\Ship\WallTileMap.gd", "GDScript", 0, 182, 0, 0, 0, 0, 0, 0, 0, 0, 7, 85, 274
"d:\Programming\Godot\Astra\Ship\WallTileMap.tres", "GDResource", 387, 0, 0, 0, 0, 0, 0, 0, 0, 0, 0, 22, 409
"d:\Programming\Godot\Astra\Ship\Walls\Canon\Canon.gd", "GDScript", 0, 16, 0, 0, 0, 0, 0, 0, 0, 0, 0, 5, 21
"d:\Programming\Godot\Astra\Ship\Walls\Canon\Canon.tscn", "GDScene", 0, 0, 0, 27, 0, 0, 0, 0, 0, 0, 0, 9, 36
"d:\Programming\Godot\Astra\Ship\Walls\Canon\Projectile.gd", "GDScript", 0, 16, 0, 0, 0, 0, 0, 0, 0, 0, 0, 7, 23
"d:\Programming\Godot\Astra\Ship\Walls\Canon\Projectile.tscn", "GDScene", 0, 0, 0, 28, 0, 0, 0, 0, 0, 0, 0, 10, 38
"d:\Programming\Godot\Astra\Ship\Walls\Connector\Connector.gd", "GDScript", 0, 41, 0, 0, 0, 0, 0, 0, 0, 0, 0, 15, 56
"d:\Programming\Godot\Astra\Ship\Walls\Connector\Connector.tscn", "GDScene", 0, 0, 0, 62, 0, 0, 0, 0, 0, 0, 0, 18, 80
"d:\Programming\Godot\Astra\Ship\Walls\Core\Core.gd", "GDScript", 0, 15, 0, 0, 0, 0, 0, 0, 0, 0, 0, 7, 22
"d:\Programming\Godot\Astra\Ship\Walls\Core\Core.tscn", "GDScene", 0, 0, 0, 68, 0, 0, 0, 0, 0, 0, 0, 17, 85
"d:\Programming\Godot\Astra\Ship\Walls\Core\humming.wav.import", "GDResource", 19, 0, 0, 0, 0, 0, 0, 0, 0, 0, 0, 6, 25
"d:\Programming\Godot\Astra\Ship\Walls\Core\normal.png.import", "GDResource", 29, 0, 0, 0, 0, 0, 0, 0, 0, 0, 0, 6, 35
"d:\Programming\Godot\Astra\Ship\Walls\Core\texture.png.import", "GDResource", 29, 0, 0, 0, 0, 0, 0, 0, 0, 0, 0, 6, 35
"d:\Programming\Godot\Astra\Ship\Walls\Debris\Debris.gd", "GDScript", 0, 10, 0, 0, 0, 0, 0, 0, 0, 0, 1, 9, 20
"d:\Programming\Godot\Astra\Ship\Walls\Debris\Debris.tscn", "GDScene", 0, 0, 0, 48, 0, 0, 0, 0, 0, 0, 0, 14, 62
"d:\Programming\Godot\Astra\Ship\Walls\Debris\Sounds\break.mp3.import", "GDResource", 14, 0, 0, 0, 0, 0, 0, 0, 0, 0, 0, 6, 20
"d:\Programming\Godot\Astra\Ship\Walls\Door\Door.gd", "GDScript", 0, 117, 0, 0, 0, 0, 0, 0, 0, 0, 5, 32, 154
"d:\Programming\Godot\Astra\Ship\Walls\Door\Door.tscn", "GDScene", 0, 0, 0, 175, 0, 0, 0, 0, 0, 0, 0, 57, 232
"d:\Programming\Godot\Astra\Ship\Walls\Door\DoorClose.ogg.import", "GDResource", 14, 0, 0, 0, 0, 0, 0, 0, 0, 0, 0, 6, 20
"d:\Programming\Godot\Astra\Ship\Walls\Door\Sounds\DoorClose.ogg.import", "GDResource", 14, 0, 0, 0, 0, 0, 0, 0, 0, 0, 0, 6, 20
"d:\Programming\Godot\Astra\Ship\Walls\Door\Sounds\DoorOpen.ogg.import", "GDResource", 14, 0, 0, 0, 0, 0, 0, 0, 0, 0, 0, 6, 20
"d:\Programming\Godot\Astra\Ship\Walls\Floor\Floor.gd", "GDScript", 0, 5, 0, 0, 0, 0, 0, 0, 0, 0, 0, 6, 11
"d:\Programming\Godot\Astra\Ship\Walls\Floor\Floor.tscn", "GDScene", 0, 0, 0, 47, 0, 0, 0, 0, 0, 0, 0, 10, 57
"d:\Programming\Godot\Astra\Ship\Walls\Thruster\Thruster.gd", "GDScript", 0, 69, 0, 0, 0, 0, 0, 0, 0, 0, 1, 26, 96
"d:\Programming\Godot\Astra\Ship\Walls\Thruster\Thruster.tscn", "GDScene", 0, 0, 0, 127, 0, 0, 0, 0, 0, 0, 0, 28, 155
"d:\Programming\Godot\Astra\Ship\Walls\Thruster\jet.wav.import", "GDResource", 19, 0, 0, 0, 0, 0, 0, 0, 0, 0, 0, 6, 25
"d:\Programming\Godot\Astra\Ship\Walls\Thruster\jet_particle_texture.png.import", "GDResource", 29, 0, 0, 0, 0, 0, 0, 0, 0, 0, 0, 6, 35
"d:\Programming\Godot\Astra\Ship\Walls\Thruster\side_jet.mp3.import", "GDResource", 14, 0, 0, 0, 0, 0, 0, 0, 0, 0, 0, 6, 20
"d:\Programming\Godot\Astra\Ship\Walls\Thruster\sidejet_particle_texture.png.import", "GDResource", 29, 0, 0, 0, 0, 0, 0, 0, 0, 0, 0, 6, 35
"d:\Programming\Godot\Astra\Ship\Walls\Thruster\texture.png.import", "GDResource", 29, 0, 0, 0, 0, 0, 0, 0, 0, 0, 0, 6, 35
"d:\Programming\Godot\Astra\Ship\Walls\Wall\Wall.gd", "GDScript", 0, 42, 0, 0, 0, 0, 0, 0, 0, 0, 0, 20, 62
"d:\Programming\Godot\Astra\Ship\Walls\Wall\Wall.tscn", "GDScene", 0, 0, 0, 72, 0, 0, 0, 0, 0, 0, 0, 17, 89
"d:\Programming\Godot\Astra\Ship\object_tilesheet.png.import", "GDResource", 29, 0, 0, 0, 0, 0, 0, 0, 0, 0, 0, 6, 35
"d:\Programming\Godot\Astra\Ship\wall_tilesheet.png.import", "GDResource", 29, 0, 0, 0, 0, 0, 0, 0, 0, 0, 0, 6, 35
"d:\Programming\Godot\Astra\Ship\wall_tilesheet_normal.png.import", "GDResource", 29, 0, 0, 0, 0, 0, 0, 0, 0, 0, 0, 6, 35
"d:\Programming\Godot\Astra\Sound\Music\OST.mp3.import", "GDResource", 14, 0, 0, 0, 0, 0, 0, 0, 0, 0, 0, 6, 20
"d:\Programming\Godot\Astra\Sound\bus_layout.tres", "GDResource", 20, 0, 0, 0, 0, 0, 0, 0, 0, 0, 0, 3, 23
"d:\Programming\Godot\Astra\UI\BackgroundMenuScroll.gdshader", "gdshader", 0, 0, 7, 0, 0, 0, 0, 0, 0, 0, 0, 3, 10
"d:\Programming\Godot\Astra\UI\ButtonIndicator.gd", "GDScript", 0, 5, 0, 0, 0, 0, 0, 0, 0, 0, 0, 4, 9
"d:\Programming\Godot\Astra\UI\ButtonIndicator.tscn", "GDScene", 0, 0, 0, 44, 0, 0, 0, 0, 0, 0, 0, 5, 49
"d:\Programming\Godot\Astra\UI\MenuTheme.tres", "GDResource", 130, 0, 0, 0, 0, 0, 0, 0, 0, 0, 0, 16, 146
"d:\Programming\Godot\Astra\UI\UIManager.gd", "GDScript", 0, 129, 0, 0, 0, 0, 0, 0, 0, 0, 3, 48, 180
"d:\Programming\Godot\Astra\UI\crt.gdshader", "gdshader", 0, 0, 36, 0, 0, 0, 0, 0, 0, 0, 1, 13, 50
"d:\Programming\Godot\Astra\UI\currency.png.import", "GDResource", 29, 0, 0, 0, 0, 0, 0, 0, 0, 0, 0, 6, 35
"d:\Programming\Godot\Astra\UI\cursor.png.import", "GDResource", 29, 0, 0, 0, 0, 0, 0, 0, 0, 0, 0, 6, 35
"d:\Programming\Godot\Astra\UI\heart.png.import", "GDResource", 29, 0, 0, 0, 0, 0, 0, 0, 0, 0, 0, 6, 35
"d:\Programming\Godot\Astra\UI\indicator.png.import", "GDResource", 29, 0, 0, 0, 0, 0, 0, 0, 0, 0, 0, 6, 35
"d:\Programming\Godot\Astra\UI\title.png.import", "GDResource", 29, 0, 0, 0, 0, 0, 0, 0, 0, 0, 0, 6, 35
"d:\Programming\Godot\Astra\icon.svg", "XML", 0, 0, 0, 0, 0, 0, 20, 0, 0, 0, 0, 0, 20
"d:\Programming\Godot\Astra\icon.svg.import", "GDResource", 32, 0, 0, 0, 0, 0, 0, 0, 0, 0, 0, 6, 38
"d:\Programming\Godot\Astra\project.godot", "GDResource", 195, 0, 0, 0, 0, 0, 0, 0, 0, 0, 7, 28, 230
"Total", "-", 5529, 3155, 92, 2658, 18, 381, 47, 11, 4596, 30, 203, 3373, 20093